timestamp,Battery
2025-05-07T15:07:41.363000,22.44
2025-05-07T15:07:36.359000,52.13
2025-05-07T15:07:31.356000,79.47
2025-05-07T15:07:26.350000,53.05
2025-05-07T15:07:21.346000,60.43
2025-05-07T15:07:16.344000,44.34
2025-05-07T15:07:11.338000,92.83
2025-05-07T15:07:06.331000,36.13
2025-05-07T15:07:01.327000,52.48
2025-05-07T15:06:56.322000,91.09
2025-05-07T15:06:51.317000,70.06
2025-05-07T15:06:46.313000,59.74
2025-05-07T15:06:41.308000,35.24
2025-05-07T15:06:36.304000,20.26
2025-05-07T15:06:31.298000,71.26
2025-05-07T15:06:26.287000,92.59
2025-05-07T15:06:21.283000,48.0
2025-05-07T15:06:16.282000,35.44
2025-05-07T15:06:11.278000,45.32
2025-05-07T15:06:06.274000,45.98
2025-05-07T15:06:01.270000,50.25
2025-05-07T15:05:56.264000,48.67
2025-05-07T15:05:51.256000,38.09
2025-05-07T15:05:46.253000,41.07
2025-05-07T15:05:41.249000,99.41
2025-05-07T15:05:36.244000,28.94
2025-05-07T15:05:31.236000,76.14
2025-05-07T15:05:26.231000,91.68
2025-05-07T15:05:21.226000,80.18
2025-05-07T15:05:16.222000,81.55
2025-05-07T15:05:11.216000,47.49
2025-05-07T15:05:06.212000,31.64
2025-05-07T15:05:01.206000,79.3
2025-05-07T15:04:56.203000,32.73
2025-05-07T15:04:51.199000,27.56
2025-05-07T15:04:46.196000,99.59
2025-05-07T15:04:41.191000,68.31
2025-05-07T15:04:36.185000,93.46
2025-05-07T15:04:31.179000,34.44
2025-05-07T15:04:26.175000,34.72
2025-05-07T15:04:21.171000,88.36
2025-05-07T15:04:16.169000,20.39
2025-05-07T15:04:11.160000,94.71
2025-05-07T15:04:06.156000,79.43
2025-05-07T15:04:01.151000,82.55
2025-05-07T15:03:56.146000,35.59
2025-05-07T15:03:51.138000,73.98
2025-05-07T15:03:46.136000,85.38
2025-05-07T15:03:41.132000,26.05
2025-05-07T15:03:36.124000,53.21
2025-05-07T15:03:31.116000,91.53
2025-05-07T15:03:26.107000,50.71
2025-05-07T15:03:21.103000,84.27
2025-05-07T15:03:16.097000,55.45
2025-05-07T15:03:11.087000,52.7
2025-05-07T15:03:06.083000,26.81
2025-05-07T15:03:01.076000,79.45
2025-05-07T15:02:56.070000,40.44
2025-05-07T15:02:51.058000,41.74
2025-05-07T15:02:46.054000,43.18
2025-05-07T15:02:41.044000,90.5
2025-05-07T15:02:36.035000,79.4
2025-05-07T15:02:31.026000,70.19
2025-05-07T15:02:26.022000,76.98
2025-05-07T15:02:21.016000,90.52
2025-05-07T15:02:16.014000,39.67
2025-05-07T15:02:11.008000,70.11
2025-05-07T15:02:06.003000,69.31
2025-05-07T15:02:00.999000,72.99
2025-05-07T15:01:55.992000,81.04
2025-05-07T15:01:50.987000,48.45
2025-05-07T15:01:45.984000,89.33
2025-05-07T15:01:40.980000,89.18
2025-05-07T15:01:35.976000,76.69
2025-05-07T15:01:30.964000,83.43
2025-05-07T15:01:25.947000,95.74
2025-05-07T15:01:20.941000,80.2
2025-05-07T15:01:15.938000,54.14
2025-05-07T15:01:10.930000,36.68
2025-05-07T15:01:05.925000,92.53
2025-05-07T15:01:00.920000,21.72
2025-05-07T15:00:55.914000,41.64
2025-05-07T15:00:50.909000,90.76
2025-05-07T15:00:45.906000,25.07
2025-05-07T15:00:40.900000,44.94
2025-05-07T15:00:35.895000,60.05
2025-05-07T15:00:30.890000,63.65
2025-05-07T15:00:25.885000,39.28
2025-05-07T15:00:20.881000,86.99
2025-05-07T15:00:15.878000,58.4
2025-05-07T15:00:10.874000,85.2
2025-05-07T15:00:05.868000,31.4
2025-05-07T15:00:00.864000,92.57
2025-05-07T14:59:55.861000,77.03
2025-05-07T14:59:50.857000,97.38
2025-05-07T14:59:45.855000,73.88
2025-05-07T14:59:40.848000,66.35
2025-05-07T14:59:35.843000,67.6
2025-05-07T14:59:30.838000,56.92
2025-05-07T14:59:25.834000,72.5
2025-05-07T14:59:20.829000,41.69
2025-05-07T14:59:15.825000,37.87
2025-05-07T14:59:10.819000,93.85
2025-05-07T14:59:05.815000,57.4
2025-05-07T14:59:00.811000,69.2
2025-05-07T14:58:55.807000,82.73
2025-05-07T14:58:50.802000,23.32
2025-05-07T14:58:45.802000,69.69
2025-05-07T14:58:40.794000,39.29
2025-05-07T14:58:35.785000,68.86
2025-05-07T14:58:30.780000,80.38
2025-05-07T14:58:25.777000,23.9
2025-05-07T14:58:20.773000,73.19
2025-05-07T14:58:15.769000,81.95
2025-05-07T14:58:10.764000,73.72
2025-05-07T14:58:05.760000,93.84
2025-05-07T14:58:00.751000,37.33
2025-05-07T14:57:55.744000,72.68
2025-05-07T14:57:50.740000,68.94
2025-05-07T14:57:45.736000,26.1
2025-05-07T14:57:40.732000,93.84
2025-05-07T14:57:35.727000,26.48
2025-05-07T14:57:30.722000,49.33
2025-05-07T14:57:25.718000,48.01
2025-05-07T14:57:20.712000,21.81
2025-05-07T14:57:15.710000,60.13
2025-05-07T14:57:10.702000,61.29
2025-05-07T14:57:05.697000,64.8
2025-05-07T14:57:00.691000,63.0
2025-05-07T14:56:55.685000,71.94
2025-05-07T14:56:50.677000,83.09
2025-05-07T14:56:45.674000,94.32
2025-05-07T14:56:40.670000,67.7
2025-05-07T14:56:35.666000,39.67
2025-05-07T14:56:30.663000,89.55
2025-05-07T14:56:25.659000,92.2
2025-05-07T14:56:20.654000,76.88
2025-05-07T14:56:15.652000,89.27
2025-05-07T14:56:10.642000,66.27
2025-05-07T14:56:05.638000,92.35
2025-05-07T14:56:00.635000,73.75
2025-05-07T14:55:55.632000,47.72
2025-05-07T14:55:50.628000,63.6
2025-05-07T14:55:45.627000,64.96
2025-05-07T14:55:40.622000,80.79
2025-05-07T14:55:35.617000,38.97
2025-05-07T14:55:30.613000,64.91
2025-05-07T14:55:25.609000,22.01
2025-05-07T14:55:20.604000,36.44
2025-05-07T14:55:15.599000,46.38
2025-05-07T14:55:10.594000,75.92
2025-05-07T14:55:05.590000,90.38
2025-05-07T14:55:00.586000,26.27
2025-05-07T14:54:55.583000,94.67
2025-05-07T14:54:50.579000,67.35
2025-05-07T14:54:45.578000,69.0
2025-05-07T14:54:40.574000,58.03
2025-05-07T14:54:35.570000,67.38
2025-05-07T14:54:30.565000,22.65
2025-05-07T14:54:25.561000,24.94
2025-05-07T14:54:20.558000,46.26
2025-05-07T14:54:15.557000,44.14
2025-05-07T14:54:10.553000,52.95
2025-05-07T14:54:05.547000,32.64
2025-05-07T14:54:00.543000,43.12
2025-05-07T14:53:55.538000,52.84
2025-05-07T14:53:50.533000,21.92
2025-05-07T14:53:45.531000,86.11
2025-05-07T14:53:40.527000,81.53
2025-05-07T14:53:35.518000,90.82
2025-05-07T14:53:30.509000,21.79
2025-05-07T14:53:25.502000,80.82
2025-05-07T14:53:20.493000,62.44
2025-05-07T14:53:15.491000,43.39
2025-05-07T14:53:10.484000,84.55
2025-05-07T14:53:05.477000,32.66
2025-05-07T14:53:00.469000,41.24
2025-05-07T14:52:55.456000,57.31
2025-05-07T14:52:50.448000,39.53
2025-05-07T14:52:45.444000,96.79
2025-05-07T14:52:40.438000,97.09
2025-05-07T14:52:35.428000,33.09
2025-05-07T14:52:30.423000,36.39
2025-05-07T14:52:25.418000,99.59
2025-05-07T14:52:20.414000,70.84
2025-05-07T14:52:15.412000,77.1
2025-05-07T14:52:10.409000,98.08
2025-05-07T14:52:05.405000,62.64
2025-05-07T14:52:00.394000,20.84
2025-05-07T14:51:55.383000,39.91
2025-05-07T14:51:50.378000,68.54
2025-05-07T14:51:45.374000,37.29
2025-05-07T14:51:40.367000,53.02
2025-05-07T14:51:35.362000,35.63
2025-05-07T14:51:30.356000,41.24
2025-05-07T14:51:25.348000,56.0
2025-05-07T14:51:20.342000,79.02
2025-05-07T14:51:15.339000,89.52
2025-05-07T14:51:10.336000,49.54
2025-05-07T14:51:05.327000,64.66
2025-05-07T14:51:00.322000,34.72
2025-05-07T14:50:55.318000,65.98
2025-05-07T14:50:50.314000,72.06
2025-05-07T14:50:45.310000,52.16
2025-05-07T14:50:40.307000,52.37
2025-05-07T14:50:35.304000,26.33
2025-05-07T14:50:30.298000,65.59
2025-05-07T14:50:25.292000,86.2
2025-05-07T14:50:20.287000,99.65
2025-05-07T14:50:15.285000,91.71
2025-05-07T14:50:10.280000,28.13
2025-05-07T14:50:05.277000,89.49
2025-05-07T14:50:00.272000,96.9
2025-05-07T14:49:55.265000,87.62
2025-05-07T14:49:50.261000,59.21
2025-05-07T14:49:45.260000,51.11
2025-05-07T14:49:40.256000,85.33
2025-05-07T14:49:35.252000,23.25
2025-05-07T14:49:30.246000,64.97
2025-05-07T14:49:25.238000,71.42
2025-05-07T14:49:20.235000,29.82
2025-05-07T14:49:15.233000,24.78
2025-05-07T14:49:10.229000,75.99
2025-05-07T14:49:05.223000,94.81
2025-05-07T14:49:00.216000,32.19
2025-05-07T14:48:55.212000,66.57
2025-05-07T14:48:50.207000,45.76
2025-05-07T14:48:45.205000,67.87
2025-05-07T14:48:40.202000,57.19
2025-05-07T14:48:35.195000,20.6
2025-05-07T14:48:30.186000,30.17
2025-05-07T14:48:25.181000,87.38
2025-05-07T14:48:20.177000,95.56
2025-05-07T14:48:15.176000,90.63
2025-05-07T14:48:10.172000,54.22
2025-05-07T14:48:05.167000,79.12
2025-05-07T14:48:00.165000,88.34
2025-05-07T14:47:55.158000,97.09
2025-05-07T14:47:50.156000,62.08
2025-05-07T14:47:45.154000,65.09
2025-05-07T14:47:40.149000,40.68
2025-05-07T14:47:35.145000,90.92
2025-05-07T14:47:30.142000,24.46
2025-05-07T14:47:25.138000,83.3
2025-05-07T14:47:20.132000,60.47
2025-05-07T14:47:15.131000,86.86
2025-05-07T14:47:10.128000,20.22
2025-05-07T14:47:05.123000,80.82
2025-05-07T14:47:00.116000,30.64
2025-05-07T14:46:55.111000,30.62
2025-05-07T14:46:50.105000,71.08
2025-05-07T14:46:45.104000,54.69
2025-05-07T14:46:40.099000,27.91
2025-05-07T14:46:35.095000,64.7
2025-05-07T14:46:30.086000,52.69
2025-05-07T14:46:25.062000,44.43
2025-05-07T14:46:20.057000,79.06
2025-05-07T14:46:15.055000,40.55
2025-05-07T14:46:10.051000,69.83
2025-05-07T14:46:05.047000,75.77
2025-05-07T14:46:00.043000,44.6
2025-05-07T14:45:55.036000,88.38
2025-05-07T14:45:50.030000,99.64
2025-05-07T14:45:45.026000,48.2
2025-05-07T14:45:40.022000,72.77
2025-05-07T14:45:35.019000,80.44
2025-05-07T14:45:30.014000,55.15
2025-05-07T14:45:25.009000,87.56
2025-05-07T14:45:20.006000,81.99
2025-05-07T14:45:15.001000,74.6
2025-05-07T14:45:09.992000,40.54
2025-05-07T14:45:04.972000,52.85
2025-05-07T14:44:59.962000,52.38
2025-05-07T14:44:54.956000,31.06
2025-05-07T14:44:49.953000,42.55
2025-05-07T14:44:44.951000,66.29
2025-05-07T14:44:39.945000,47.17
2025-05-07T14:44:34.942000,81.64
2025-05-07T14:44:29.939000,30.69
2025-05-07T14:44:24.926000,60.24
2025-05-07T14:44:19.922000,70.46
2025-05-07T14:44:14.918000,59.32
2025-05-07T14:44:09.913000,36.43
2025-05-07T14:44:04.909000,67.25
2025-05-07T14:43:59.904000,98.77
2025-05-07T14:43:54.897000,41.82
2025-05-07T14:43:49.889000,36.46
2025-05-07T14:43:44.888000,58.92
2025-05-07T14:43:39.882000,52.96
2025-05-07T14:43:34.878000,38.65
2025-05-07T14:43:29.874000,86.71
2025-05-07T14:43:24.867000,50.87
2025-05-07T14:43:19.861000,78.06
2025-05-07T14:43:14.856000,34.64
2025-05-07T14:43:09.847000,70.93
2025-05-07T14:43:04.843000,98.26
2025-05-07T14:42:59.838000,83.23
2025-05-07T14:42:54.834000,65.04
2025-05-07T14:42:49.830000,71.32
2025-05-07T14:42:44.828000,98.73
2025-05-07T14:42:39.824000,47.17
2025-05-07T14:42:34.821000,26.31
2025-05-07T14:42:29.814000,22.42
2025-05-07T14:42:24.810000,84.99
2025-05-07T14:42:19.805000,84.86
2025-05-07T14:42:14.803000,27.5
2025-05-07T14:42:09.798000,76.49
2025-05-07T14:42:04.793000,33.27
2025-05-07T14:41:59.790000,98.37
2025-05-07T14:41:54.784000,79.01
2025-05-07T14:41:49.780000,58.72
2025-05-07T14:41:44.779000,66.75
2025-05-07T14:41:39.776000,91.62
2025-05-07T14:41:34.773000,50.5
2025-05-07T14:41:29.769000,24.27
2025-05-07T14:41:24.764000,29.37
2025-05-07T14:41:19.759000,63.94
2025-05-07T14:41:14.758000,73.17
2025-05-07T14:41:09.755000,21.69
2025-05-07T14:41:04.751000,57.28
2025-05-07T14:40:35.243000,50.23
2025-05-07T14:40:30.274000,80.98
2025-05-07T14:40:25.414000,91.44
2025-05-07T14:40:20.413000,78.46
2025-05-07T14:40:15.409000,57.72
2025-05-07T14:40:10.403000,38.42
2025-05-07T14:40:05.399000,48.22
2025-05-07T14:40:00.393000,80.25
2025-05-07T14:39:55.389000,88.49
2025-05-07T14:39:50.386000,60.45
2025-05-07T14:39:45.381000,93.75
2025-05-07T14:39:40.375000,74.8
2025-05-07T14:39:35.370000,35.01
2025-05-07T14:39:30.365000,62.05
2025-05-07T14:39:25.359000,81.03
2025-05-07T14:39:20.356000,66.48
2025-05-07T14:39:15.351000,69.16
2025-05-07T14:39:10.347000,63.12
2025-05-07T14:39:05.342000,35.04
2025-05-07T14:39:00.337000,77.98
2025-05-07T14:38:55.332000,67.91
2025-05-07T14:38:50.328000,45.73
2025-05-07T14:38:45.323000,34.58
2025-05-07T14:38:40.317000,39.6
2025-05-07T14:38:35.312000,67.99
2025-05-07T14:38:30.307000,78.36
2025-05-07T14:38:25.303000,96.43
2025-05-07T14:38:20.300000,96.59
2025-05-07T14:38:15.295000,41.63
2025-05-07T14:38:10.290000,68.46
2025-05-07T14:38:05.284000,72.19
2025-05-07T14:38:00.280000,37.93
2025-05-07T14:37:55.276000,66.26
2025-05-07T14:37:50.274000,28.1
2025-05-07T14:37:45.269000,95.33
2025-05-07T14:37:40.265000,45.3
2025-05-07T14:37:35.259000,44.13
2025-05-07T14:37:30.246000,65.21
2025-05-07T14:37:25.240000,40.68
2025-05-07T14:37:20.237000,53.96
2025-05-07T14:37:15.230000,47.12
2025-05-07T14:37:10.221000,50.24
2025-05-07T14:37:05.215000,38.37
2025-05-07T14:37:00.210000,86.34
2025-05-07T14:36:55.192000,70.83
2025-05-07T14:36:50.175000,45.95
2025-05-07T14:36:45.170000,50.47
2025-05-07T14:36:40.165000,25.84
2025-05-07T14:36:35.161000,78.52
2025-05-07T14:36:30.155000,53.19
2025-05-07T14:36:25.152000,65.1
2025-05-07T14:36:20.150000,48.96
2025-05-07T14:36:15.145000,31.01
2025-05-07T14:36:10.141000,97.03
2025-05-07T14:36:05.137000,39.01
2025-05-07T14:36:00.131000,94.93
2025-05-07T14:35:55.127000,99.06
2025-05-07T14:35:50.124000,77.09
2025-05-07T14:35:45.118000,51.86
2025-05-07T14:35:40.113000,78.91
2025-05-07T14:35:35.106000,47.24
2025-05-07T14:35:30.101000,21.84
2025-05-07T14:35:25.096000,24.83
2025-05-07T14:35:20.079000,78.91
2025-05-07T14:35:15.057000,91.26
2025-05-07T14:35:10.048000,56.26
2025-05-07T14:35:05.043000,75.41
2025-05-07T14:35:00.038000,33.85
2025-05-07T14:34:55.032000,89.14
2025-05-07T14:34:50.029000,53.02
2025-05-07T14:34:45.025000,64.44
2025-05-07T14:34:40.019000,81.97
2025-05-07T14:34:35.014000,67.06
2025-05-07T14:34:30.011000,32.81
2025-05-07T14:34:25.007000,42.22
2025-05-07T14:34:20.002000,99.24
2025-05-07T14:34:14.997000,88.73
2025-05-07T14:34:09.993000,96.72
2025-05-07T14:34:04.988000,92.19
2025-05-07T14:33:59.984000,64.21
2025-05-07T14:33:54.981000,75.13
2025-05-07T14:33:49.979000,66.29
2025-05-07T14:33:44.975000,41.32
2025-05-07T14:33:39.963000,96.66
2025-05-07T14:33:34.958000,70.02
2025-05-07T14:33:29.953000,66.9
2025-05-07T14:33:24.948000,23.93
2025-05-07T14:33:19.946000,21.89
2025-05-07T14:33:14.941000,81.41
2025-05-07T14:33:09.934000,74.03
2025-05-07T14:33:04.931000,70.78
2025-05-07T14:32:59.928000,89.03
2025-05-07T14:32:54.925000,51.79
2025-05-07T14:32:49.923000,53.92
2025-05-07T14:32:44.919000,93.78
2025-05-07T14:32:39.915000,28.27
2025-05-07T14:32:34.911000,66.47
2025-05-07T14:32:29.906000,27.39
2025-05-07T14:32:24.903000,76.92
2025-05-07T14:32:19.900000,71.63
2025-05-07T14:32:14.897000,22.29
2025-05-07T14:32:09.893000,29.75
2025-05-07T14:32:04.889000,72.18
2025-05-07T14:31:59.885000,33.94
2025-05-07T14:31:54.882000,73.6
2025-05-07T14:31:49.880000,25.55
2025-05-07T14:31:44.874000,63.55
2025-05-07T14:31:39.870000,91.88
2025-05-07T14:31:34.865000,63.33
2025-05-07T14:31:29.862000,36.35
2025-05-07T14:31:24.859000,67.56
2025-05-07T14:31:19.857000,52.92
2025-05-07T14:31:14.854000,39.01
2025-05-07T14:31:09.851000,73.43
2025-05-07T14:31:04.848000,33.67
2025-05-07T14:30:59.844000,91.27
2025-05-07T14:30:54.841000,59.55
2025-05-07T14:30:49.795000,25.8
2025-05-07T14:30:44.792000,47.5
2025-05-07T14:30:39.788000,51.34
2025-05-07T14:30:34.785000,90.84
2025-05-07T14:30:29.780000,48.33
2025-05-07T14:30:24.777000,44.37
2025-05-07T14:30:19.776000,93.45
2025-05-07T14:30:14.772000,27.23
2025-05-07T14:30:09.768000,43.86
2025-05-07T14:30:04.765000,64.9
2025-05-07T14:29:59.762000,85.81
2025-05-07T14:29:54.759000,98.65
2025-05-07T14:29:49.758000,86.36
2025-05-07T14:29:44.754000,81.41
2025-05-07T14:29:39.750000,98.18
2025-05-07T14:29:34.746000,86.18
2025-05-07T14:29:29.741000,65.76
2025-05-07T14:29:24.735000,90.3
2025-05-07T14:29:19.725000,44.77
2025-05-07T14:29:14.722000,85.4
2025-05-07T14:29:09.718000,52.33
2025-05-07T14:29:04.714000,70.17
2025-05-07T14:28:59.710000,93.75
2025-05-07T14:28:54.706000,82.25
2025-05-07T14:28:49.703000,97.3
2025-05-07T14:28:44.697000,29.84
2025-05-07T14:28:39.692000,22.16
2025-05-07T14:28:34.688000,90.29
2025-05-07T14:28:29.684000,37.33
2025-05-07T14:28:24.679000,59.9
2025-05-07T14:28:19.677000,60.75
2025-05-07T14:28:14.673000,43.88
2025-05-07T14:28:09.670000,42.53
2025-05-07T14:28:04.667000,56.14
2025-05-07T14:27:59.661000,83.9
2025-05-07T14:27:54.657000,24.54
2025-05-07T14:27:49.622000,82.91
2025-05-07T14:27:44.617000,92.72
2025-05-07T14:27:39.612000,23.36
2025-05-07T14:27:34.609000,32.92
2025-05-07T14:27:29.605000,94.46
2025-05-07T14:27:24.601000,80.76
2025-05-07T14:27:19.599000,21.85
2025-05-07T14:27:14.591000,82.03
2025-05-07T14:27:09.497000,69.93
2025-05-07T14:27:04.493000,31.99
2025-05-07T14:26:59.488000,23.55
2025-05-07T14:26:54.481000,54.5
2025-05-07T14:26:49.475000,73.23
2025-05-07T14:26:44.470000,55.0
2025-05-07T14:26:39.465000,41.37
2025-05-07T14:26:34.459000,51.9
2025-05-07T14:26:29.453000,58.77
2025-05-07T14:26:24.448000,95.57
2025-05-07T14:26:19.445000,20.43
2025-05-07T14:26:14.439000,89.93
2025-05-07T14:26:09.434000,52.62
2025-05-07T14:26:04.427000,59.62
2025-05-07T14:25:59.423000,26.42
2025-05-07T14:25:54.421000,23.87
2025-05-07T14:25:49.418000,30.91
2025-05-07T14:25:44.413000,40.1
2025-05-07T14:25:39.409000,69.23
2025-05-07T14:25:34.402000,96.82
2025-05-07T14:25:29.396000,55.67
2025-05-07T14:25:24.392000,78.19
2025-05-07T14:25:19.387000,30.1
2025-05-07T14:25:14.382000,86.6
2025-05-07T14:25:09.378000,22.35
2025-05-07T14:25:04.373000,67.44
2025-05-07T14:24:59.369000,32.64
2025-05-07T14:24:54.365000,74.39
2025-05-07T14:24:49.361000,57.74
2025-05-07T14:24:44.357000,69.59
2025-05-07T14:24:39.352000,32.99
2025-05-07T14:24:34.346000,95.22
2025-05-07T14:24:29.340000,73.34
2025-05-07T14:24:24.335000,36.21
2025-05-07T14:24:19.332000,80.96
2025-05-07T14:24:14.325000,46.17
2025-05-07T14:24:09.321000,53.95
2025-05-07T14:24:04.316000,64.3
2025-05-07T14:23:59.311000,51.8
2025-05-07T14:23:54.307000,37.84
2025-05-07T14:23:49.304000,80.41
2025-05-07T14:23:44.301000,52.35
2025-05-07T14:23:39.297000,80.52
2025-05-07T14:23:34.292000,50.44
2025-05-07T14:23:29.276000,67.57
2025-05-07T14:23:24.248000,55.76
2025-05-07T14:23:19.244000,40.31
2025-05-07T14:23:14.241000,35.78
2025-05-07T14:23:09.236000,66.59
2025-05-07T14:23:04.230000,74.8
2025-05-07T14:22:59.226000,67.4
2025-05-07T14:22:54.223000,27.91
2025-05-07T14:22:49.220000,87.78
2025-05-07T14:22:44.216000,32.84
2025-05-07T14:22:39.212000,38.95
2025-05-07T14:22:34.196000,28.57
2025-05-07T14:22:29.193000,70.83
2025-05-07T14:22:24.189000,72.21
2025-05-07T14:22:19.188000,97.72
2025-05-07T14:22:14.183000,40.34
2025-05-07T14:22:09.179000,34.84
2025-05-07T14:22:04.175000,82.38
2025-05-07T14:21:59.170000,82.99
2025-05-07T14:21:54.165000,70.41
2025-05-07T14:21:49.161000,38.49
2025-05-07T14:21:44.157000,88.81
2025-05-07T14:21:39.154000,69.09
2025-05-07T14:21:34.149000,84.32
2025-05-07T14:21:29.145000,25.53
2025-05-07T14:21:24.140000,76.1
2025-05-07T14:21:19.134000,25.71
2025-05-07T14:21:14.129000,27.88
2025-05-07T14:21:09.125000,87.83
2025-05-07T14:21:04.121000,72.37
2025-05-07T14:20:59.116000,57.87
2025-05-07T14:20:54.112000,65.99
2025-05-07T14:20:49.110000,81.91
2025-05-07T14:20:44.107000,59.33
2025-05-07T14:20:39.102000,20.53
2025-05-07T14:20:34.099000,61.22
2025-05-07T14:20:29.094000,93.91
2025-05-07T14:20:24.090000,51.0
2025-05-07T14:20:19.089000,37.36
2025-05-07T14:20:14.085000,84.21
2025-05-07T14:20:09.081000,21.74
2025-05-07T14:20:04.077000,32.39
2025-05-07T14:19:59.073000,81.75
2025-05-07T14:19:54.067000,85.39
2025-05-07T14:19:49.064000,21.62
2025-05-07T14:19:44.058000,92.24
2025-05-07T14:19:39.054000,59.32
2025-05-07T14:19:34.050000,92.47
2025-05-07T14:19:29.046000,94.98
2025-05-07T14:19:24.042000,28.1
2025-05-07T14:19:19.038000,78.97
2025-05-07T14:19:14.034000,72.39
2025-05-07T14:19:09.029000,82.89
2025-05-07T14:19:04.024000,22.49
2025-05-07T14:18:59.020000,33.37
2025-05-07T14:18:54.016000,24.01
2025-05-07T14:18:49.015000,36.93
2025-05-07T14:18:44.011000,60.81
2025-05-07T14:18:39.007000,70.51
2025-05-07T14:18:34.002000,80.78
2025-05-07T14:18:28.998000,50.63
2025-05-07T14:18:23.995000,97.81
2025-05-07T14:18:18.992000,94.28
2025-05-07T14:18:13.987000,96.84
2025-05-07T14:18:08.982000,67.53
2025-05-07T14:18:03.979000,42.34
2025-05-07T14:17:58.975000,94.98
2025-05-07T14:17:53.971000,61.09
2025-05-07T14:17:48.970000,33.69
2025-05-07T14:17:43.967000,89.4
2025-05-07T14:17:38.963000,47.98
2025-05-07T14:17:33.959000,49.79
2025-05-07T14:17:28.954000,55.85
2025-05-07T14:17:23.951000,21.32
2025-05-07T14:17:18.948000,38.43
2025-05-07T14:17:13.942000,61.51
2025-05-07T14:17:08.935000,67.33
2025-05-07T14:17:03.930000,94.46
2025-05-07T14:16:58.925000,62.86
2025-05-07T14:16:53.920000,83.19
2025-05-07T14:16:48.918000,76.71
2025-05-07T14:16:43.913000,94.74
2025-05-07T14:16:38.909000,74.14
2025-05-07T14:16:33.906000,77.8
2025-05-07T14:16:28.902000,54.11
2025-05-07T14:16:23.895000,38.44
2025-05-07T14:16:18.891000,56.34
2025-05-07T14:16:13.887000,76.77
2025-05-07T14:16:08.883000,65.71
2025-05-07T14:16:03.879000,99.47
2025-05-07T14:15:58.875000,86.91
2025-05-07T14:15:53.870000,30.11
2025-05-07T14:15:48.869000,90.36
2025-05-07T14:15:43.865000,46.22
2025-05-07T14:15:38.860000,31.45
2025-05-07T14:15:33.858000,35.92
2025-05-07T14:15:28.854000,72.11
2025-05-07T14:15:23.850000,39.16
2025-05-07T14:15:18.848000,21.5
2025-05-07T14:15:13.844000,40.77
2025-05-07T14:15:08.840000,27.98
2025-05-07T14:15:03.835000,95.55
2025-05-07T14:14:58.831000,97.59
2025-05-07T14:14:53.827000,37.99
2025-05-07T14:14:48.825000,72.35
2025-05-07T14:14:43.821000,24.76
2025-05-07T14:14:38.817000,68.92
2025-05-07T14:14:33.813000,53.32
2025-05-07T14:14:28.805000,74.87
2025-05-07T14:14:23.797000,72.87
2025-05-07T14:14:18.794000,29.53
2025-05-07T14:14:13.790000,82.19
2025-05-07T14:14:08.785000,48.82
2025-05-07T14:14:03.781000,53.43
2025-05-07T14:13:58.776000,51.14
2025-05-07T14:13:53.772000,91.93
2025-05-07T14:13:48.770000,35.96
2025-05-07T14:13:43.766000,34.13
2025-05-07T14:13:38.762000,96.06
2025-05-07T14:13:33.759000,26.86
2025-05-07T14:13:28.754000,52.02
2025-05-07T14:13:23.750000,63.18
2025-05-07T14:13:18.749000,78.33
2025-05-07T14:13:13.745000,72.09
2025-05-07T14:13:08.741000,33.19
2025-05-07T14:13:03.737000,71.96
2025-05-07T14:12:58.733000,88.81
2025-05-07T14:12:53.729000,75.57
2025-05-07T14:12:48.727000,87.06
2025-05-07T14:12:43.723000,51.8
2025-05-07T14:12:38.720000,26.73
2025-05-07T14:12:33.716000,65.56
2025-05-07T14:12:28.712000,66.28
2025-05-07T14:12:23.708000,50.43
2025-05-07T14:12:18.704000,27.19
2025-05-07T14:12:13.701000,29.24
2025-05-07T14:12:08.698000,38.62
2025-05-07T14:12:03.695000,25.81
2025-05-07T14:11:58.692000,83.4
2025-05-07T14:11:53.688000,63.07
2025-05-07T14:11:48.686000,74.98
2025-05-07T14:11:43.683000,21.51
2025-05-07T14:11:38.679000,55.31
2025-05-07T14:11:33.675000,84.78
2025-05-07T14:11:28.670000,87.5
2025-05-07T14:11:23.666000,63.11
2025-05-07T14:11:18.663000,33.54
2025-05-07T14:11:13.657000,58.79
2025-05-07T14:11:08.651000,63.5
2025-05-07T14:11:03.647000,99.24
2025-05-07T14:10:58.644000,54.6
2025-05-07T14:10:53.641000,56.91
2025-05-07T14:10:48.638000,82.77
2025-05-07T14:10:43.634000,78.35
2025-05-07T14:10:38.630000,78.56
2025-05-07T14:10:33.625000,45.3
2025-05-07T14:10:28.620000,29.6
2025-05-07T14:10:23.613000,85.1
2025-05-07T14:10:18.610000,31.21
2025-05-07T14:10:13.605000,40.33
2025-05-07T14:10:08.601000,97.41
2025-05-07T14:10:03.597000,34.37
2025-05-07T14:09:58.592000,71.95
2025-05-07T14:09:53.563000,32.33
2025-05-07T14:09:48.560000,82.34
2025-05-07T14:09:43.556000,41.21
2025-05-07T14:09:38.551000,85.73
2025-05-07T14:09:33.547000,59.1
2025-05-07T14:09:28.543000,55.94
2025-05-07T14:09:23.532000,69.37
2025-05-07T14:09:18.532000,88.06
2025-05-07T14:09:13.528000,42.78
2025-05-07T14:09:08.523000,32.82
2025-05-07T14:09:03.518000,37.24
2025-05-07T14:08:58.513000,51.63
2025-05-07T14:08:53.509000,80.47
2025-05-07T14:08:48.505000,88.59
2025-05-07T14:08:43.499000,94.1
2025-05-07T14:08:38.493000,31.34
2025-05-07T14:08:33.486000,90.89
2025-05-07T14:08:28.481000,56.83
2025-05-07T14:08:23.476000,50.17
2025-05-07T14:08:18.472000,64.56
2025-05-07T14:08:13.465000,52.95
2025-05-07T14:08:08.459000,95.81
2025-05-07T14:08:03.454000,45.95
2025-05-07T14:07:58.451000,78.08
2025-05-07T14:07:53.434000,42.94
2025-05-07T14:07:48.426000,65.88
2025-05-07T14:07:43.423000,34.43
2025-05-07T14:07:38.418000,42.89
2025-05-07T14:07:33.411000,47.34
2025-05-07T14:07:28.406000,83.45
2025-05-07T14:07:23.400000,81.28
2025-05-07T14:07:18.398000,32.77
2025-05-07T14:07:13.395000,35.23
2025-05-07T14:07:08.389000,58.49
2025-05-07T14:07:03.382000,92.51
2025-05-07T14:06:58.378000,83.53
2025-05-07T14:06:53.378000,75.59
2025-05-07T14:06:48.370000,92.27
2025-05-07T14:06:43.365000,34.54
2025-05-07T14:06:38.360000,21.13
2025-05-07T14:06:33.355000,57.74
2025-05-07T14:06:28.348000,90.22
2025-05-07T14:06:23.345000,77.63
2025-05-07T14:06:18.342000,59.75
2025-05-07T14:06:13.338000,52.35
2025-05-07T14:06:08.334000,60.73
2025-05-07T14:06:03.329000,51.01
2025-05-07T14:05:58.323000,89.16
2025-05-07T14:05:53.320000,91.19
2025-05-07T14:05:48.318000,86.88
2025-05-07T14:05:43.313000,89.98
2025-05-07T14:05:38.308000,66.53
2025-05-07T14:05:33.304000,73.46
2025-05-07T14:05:28.295000,77.97
2025-05-07T14:05:23.289000,52.69
2025-05-07T14:05:18.287000,56.71
2025-05-07T14:05:13.282000,84.22
2025-05-07T14:05:08.278000,79.47
2025-05-07T14:05:03.274000,29.59
2025-05-07T14:04:58.270000,96.97
2025-05-07T14:04:53.266000,88.72
2025-05-07T14:04:48.264000,38.84
2025-05-07T14:04:43.259000,31.05
2025-05-07T14:04:38.255000,37.86
2025-05-07T14:04:33.251000,27.28
2025-05-07T14:04:28.248000,55.36
2025-05-07T14:04:23.244000,58.55
2025-05-07T14:04:18.240000,48.98
2025-05-07T14:04:13.236000,50.96
2025-05-07T14:04:08.230000,63.72
2025-05-07T14:04:03.226000,29.28
2025-05-07T14:03:58.221000,48.16
2025-05-07T14:03:53.218000,22.66
2025-05-07T14:03:48.216000,68.56
2025-05-07T14:03:43.212000,70.93
2025-05-07T14:03:38.208000,78.67
2025-05-07T14:03:33.203000,56.14
2025-05-07T14:03:28.198000,99.8
2025-05-07T14:03:23.195000,32.1
2025-05-07T14:03:18.194000,72.52
2025-05-07T14:03:13.189000,66.3
2025-05-07T14:03:08.184000,97.55
2025-05-07T14:03:03.178000,35.47
2025-05-07T14:02:58.173000,57.64
2025-05-07T14:02:53.169000,30.51
2025-05-07T14:02:48.167000,42.26
2025-05-07T14:02:43.162000,96.15
2025-05-07T14:02:38.155000,36.22
2025-05-07T14:02:33.150000,86.62
2025-05-07T14:02:28.145000,76.17
2025-05-07T14:02:23.140000,24.36
2025-05-07T14:02:18.137000,73.29
2025-05-07T14:02:13.131000,74.87
2025-05-07T14:02:08.122000,33.94
2025-05-07T14:02:03.116000,79.97
2025-05-07T14:01:58.092000,52.3
2025-05-07T14:01:53.067000,71.04
2025-05-07T14:01:48.062000,24.77
2025-05-07T14:01:43.051000,85.51
2025-05-07T14:01:38.027000,45.96
2025-05-07T14:01:33.022000,91.87
2025-05-07T14:01:28.017000,61.61
2025-05-07T14:01:23.017000,86.42
2025-05-07T14:01:18.002000,83.84
2025-05-07T14:01:12.996000,68.64
2025-05-07T14:01:07.990000,24.44
2025-05-07T14:01:02.985000,22.28
2025-05-07T14:00:57.976000,24.55
2025-05-07T14:00:52.970000,52.89
2025-05-07T14:00:47.970000,72.25
2025-05-07T14:00:42.953000,29.24
2025-05-07T14:00:37.948000,45.03
2025-05-07T14:00:32.944000,68.82
2025-05-07T14:00:27.937000,59.3
2025-05-07T14:00:22.925000,42.15
2025-05-07T14:00:17.921000,85.35
2025-05-07T14:00:12.915000,43.27
2025-05-07T14:00:07.909000,54.11
2025-05-07T14:00:02.902000,46.08
2025-05-07T13:59:57.897000,50.81
2025-05-07T13:59:52.892000,53.82
2025-05-07T13:59:47.888000,97.73
2025-05-07T13:59:42.882000,50.68
2025-05-07T13:59:37.877000,75.03
2025-05-07T13:59:32.868000,62.07
2025-05-07T13:59:27.862000,69.72
2025-05-07T13:59:22.856000,91.4
2025-05-07T13:59:17.852000,67.38
2025-05-07T13:59:12.846000,57.57
2025-05-07T13:59:07.842000,27.57
2025-05-07T13:59:02.837000,45.44
2025-05-07T13:58:57.832000,60.49
2025-05-07T13:58:52.825000,36.87
2025-05-07T13:58:47.820000,39.87
2025-05-07T13:58:42.816000,40.4
2025-05-07T13:58:37.810000,88.36
2025-05-07T13:58:32.806000,61.43
2025-05-07T13:58:27.802000,82.87
2025-05-07T13:58:22.798000,76.55
2025-05-07T13:58:17.796000,91.61
2025-05-07T13:58:12.791000,24.87
2025-05-07T13:58:07.786000,75.95
2025-05-07T13:58:02.781000,76.94
2025-05-07T13:57:57.776000,41.67
2025-05-07T13:57:52.771000,70.31
2025-05-07T13:57:47.768000,29.27
2025-05-07T13:57:42.762000,66.51
2025-05-07T13:57:37.755000,22.54
2025-05-07T13:57:32.748000,97.36
2025-05-07T13:57:27.742000,59.34
2025-05-07T13:57:22.736000,95.61
2025-05-07T13:57:17.733000,55.99
2025-05-07T13:57:12.726000,39.02
2025-05-07T13:57:07.722000,48.29
2025-05-07T13:57:02.717000,91.77
2025-05-07T13:56:57.710000,56.53
2025-05-07T13:56:52.700000,30.14
2025-05-07T13:56:47.696000,96.91
2025-05-07T13:56:42.689000,48.09
2025-05-07T13:56:37.678000,83.53
2025-05-07T13:56:32.673000,75.95
2025-05-07T13:56:27.667000,72.93
2025-05-07T13:56:22.663000,30.79
2025-05-07T13:56:17.663000,56.01
2025-05-07T13:56:12.658000,79.26
2025-05-07T13:56:07.651000,66.03
2025-05-07T13:56:02.646000,77.86
2025-05-07T13:55:57.639000,36.42
2025-05-07T13:55:52.631000,97.42
2025-05-07T13:55:47.626000,50.12
2025-05-07T13:55:42.617000,88.24
2025-05-07T13:55:37.612000,20.55
2025-05-07T13:55:32.605000,31.59
2025-05-07T13:55:27.600000,66.05
2025-05-07T13:55:22.592000,53.0
2025-05-07T13:55:17.589000,38.53
2025-05-07T13:55:12.584000,78.55
2025-05-07T13:55:07.579000,28.86
2025-05-07T13:55:02.572000,57.8
2025-05-07T13:54:57.567000,22.82
2025-05-07T13:54:52.561000,68.25
2025-05-07T13:54:47.559000,61.93
2025-05-07T13:54:42.555000,44.71
2025-05-07T13:54:37.550000,48.86
2025-05-07T13:54:32.542000,94.01
2025-05-07T13:54:27.536000,70.64
2025-05-07T13:54:22.531000,21.1
2025-05-07T13:54:17.528000,62.25
2025-05-07T13:54:12.522000,20.68
2025-05-07T13:54:07.519000,94.1
2025-05-07T13:54:02.513000,77.31
2025-05-07T13:53:57.509000,64.74
2025-05-07T13:53:52.501000,90.95
2025-05-07T13:53:47.496000,63.86
2025-05-07T13:53:42.482000,94.15
2025-05-07T13:53:37.472000,88.81
2025-05-07T13:53:32.466000,94.66
2025-05-07T13:53:27.461000,64.67
2025-05-07T13:53:22.456000,59.31
2025-05-07T13:53:17.455000,57.14
2025-05-07T13:53:12.449000,94.31
2025-05-07T13:53:07.440000,91.24
2025-05-07T13:53:02.434000,75.27
2025-05-07T13:52:57.431000,60.58
2025-05-07T13:52:52.426000,66.78
2025-05-07T13:52:47.423000,98.65
2025-05-07T13:52:42.415000,38.73
2025-05-07T13:52:37.408000,35.95
2025-05-07T13:52:32.384000,71.86
2025-05-07T13:52:27.375000,48.27
2025-05-07T13:52:22.362000,97.49
2025-05-07T13:52:17.360000,59.04
2025-05-07T13:52:12.356000,70.86
2025-05-07T13:52:07.350000,20.74
2025-05-07T13:52:02.343000,68.79
2025-05-07T13:51:57.336000,77.34
2025-05-07T13:51:52.332000,22.12
2025-05-07T13:51:47.328000,47.71
2025-05-07T13:51:42.315000,50.9
2025-05-07T13:51:37.309000,20.79
2025-05-07T13:51:32.303000,85.11
2025-05-07T13:51:27.296000,39.2
2025-05-07T13:51:22.293000,85.62
2025-05-07T13:51:17.288000,27.76
2025-05-07T13:51:12.281000,59.72
2025-05-07T13:51:07.277000,31.1
2025-05-07T13:51:02.267000,71.59
2025-05-07T13:50:57.258000,64.7
2025-05-07T13:50:52.256000,42.83
2025-05-07T13:50:47.250000,65.59
2025-05-07T13:50:42.245000,69.33
2025-05-07T13:50:37.240000,44.08
2025-05-07T13:50:32.235000,21.61
2025-05-07T13:50:27.220000,49.05
2025-05-07T13:50:22.213000,52.41
2025-05-07T13:50:17.207000,59.5
2025-05-07T13:50:12.200000,55.83
2025-05-07T13:50:07.196000,87.89
2025-05-07T13:50:02.192000,22.22
2025-05-07T13:49:57.187000,41.96
2025-05-07T13:49:52.183000,79.68
2025-05-07T13:49:47.177000,86.85
2025-05-07T13:49:42.171000,88.61
2025-05-07T13:49:37.166000,84.36
2025-05-07T13:49:32.160000,80.49
2025-05-07T13:49:27.153000,74.74
2025-05-07T13:49:22.146000,78.1
2025-05-07T13:49:17.140000,37.0
2025-05-07T13:49:12.119000,65.81
2025-05-07T13:49:07.115000,90.85
2025-05-07T13:49:02.105000,56.89
2025-05-07T13:48:57.087000,35.93
2025-05-07T13:48:52.066000,53.98
2025-05-07T13:48:47.030000,43.99
2025-05-07T13:48:42.024000,65.89
2025-05-07T13:48:37.019000,83.85
2025-05-07T13:48:32.012000,95.31
2025-05-07T13:48:27.007000,84.54
2025-05-07T13:48:22.004000,76.18
2025-05-07T13:48:16.998000,62.45
2025-05-07T13:48:11.994000,99.54
2025-05-07T13:48:06.988000,61.26
2025-05-07T13:48:01.930000,39.5
2025-05-07T13:47:57.355000,25.11
2025-05-06T22:23:55.595000,44.43
2025-05-06T22:23:50.990000,40.02
2025-05-06T22:23:46.187000,59.41
2025-05-06T22:23:41.183000,37.24
2025-05-06T22:23:36.180000,53.94
2025-05-06T22:23:31.176000,21.39
2025-05-06T22:23:26.172000,34.42
2025-05-06T22:23:21.167000,69.1
2025-05-06T22:23:16.164000,98.98
2025-05-06T22:23:11.157000,99.17
2025-05-06T22:23:06.156000,22.1
2025-05-06T22:23:01.150000,88.08
2025-05-06T22:22:56.146000,53.69
2025-05-06T22:22:51.141000,86.2
2025-05-06T22:22:46.138000,73.95
2025-05-06T22:22:41.132000,31.41
2025-05-06T22:22:36.130000,86.05
2025-05-06T22:22:31.124000,73.13
2025-05-06T22:22:26.120000,84.46
2025-05-06T22:22:21.116000,40.56
2025-05-06T22:22:16.111000,56.43
2025-05-06T22:22:11.108000,32.24
2025-05-06T22:22:06.107000,20.45
2025-05-06T22:22:01.103000,93.78
2025-05-06T22:21:56.099000,57.15
2025-05-06T22:21:51.093000,21.63
2025-05-06T22:21:46.089000,95.14
2025-05-06T22:21:41.085000,47.3
2025-05-06T22:21:36.084000,67.03
2025-05-06T22:21:31.079000,46.5
2025-05-06T22:21:26.074000,53.43
2025-05-06T22:21:21.069000,25.73
2025-05-06T22:21:16.064000,81.98
2025-05-06T22:21:11.058000,34.56
2025-05-06T22:21:06.057000,23.67
2025-05-06T22:21:01.053000,30.5
2025-05-06T22:20:56.049000,25.38
2025-05-06T22:20:51.045000,59.84
2025-05-06T22:20:46.041000,84.71
2025-05-06T22:20:41.034000,31.51
2025-05-06T22:20:36.032000,21.25
2025-05-06T22:20:31.026000,26.5
2025-05-06T22:20:26.022000,45.21
2025-05-06T22:20:21.018000,45.16
2025-05-06T22:20:16.519000,69.38
2025-05-06T22:20:11.008000,41.15
2025-05-06T22:20:06.006000,41.65
2025-05-06T22:20:01.001000,96.84
2025-05-06T22:19:55.997000,79.79
2025-05-06T22:19:50.993000,39.43
2025-05-06T22:19:45.989000,66.63
2025-05-06T22:19:40.982000,35.89
2025-05-06T22:19:35.980000,47.15
2025-05-06T22:19:30.975000,89.72
2025-05-06T22:19:25.969000,88.86
2025-05-06T22:19:20.965000,96.69
2025-05-06T22:19:15.961000,98.15
2025-05-06T22:19:10.957000,49.21
2025-05-06T22:19:05.956000,44.8
2025-05-06T22:19:00.949000,88.58
2025-05-06T22:18:55.945000,93.35
2025-05-06T22:18:50.942000,64.26
2025-05-06T22:18:45.936000,67.26
2025-05-06T22:18:40.932000,81.06
2025-05-06T22:18:35.931000,90.78
2025-05-06T22:18:30.928000,66.41
2025-05-06T22:18:25.924000,63.27
2025-05-06T22:18:20.919000,79.61
2025-05-06T22:18:15.915000,87.75
2025-05-06T22:18:10.910000,25.36
2025-05-06T22:18:05.908000,40.86
2025-05-06T22:18:00.902000,89.77
2025-05-06T22:17:55.898000,91.83
2025-05-06T22:17:50.893000,76.42
2025-05-06T22:17:45.889000,33.95
2025-05-06T22:17:40.886000,41.56
2025-05-06T22:17:35.885000,41.08
2025-05-06T22:17:30.881000,55.25
2025-05-06T22:17:25.877000,94.87
2025-05-06T22:17:20.872000,92.85
2025-05-06T22:17:15.867000,40.65
2025-05-06T22:17:10.862000,76.1
2025-05-06T22:17:05.861000,63.53
2025-05-06T22:17:00.854000,29.63
2025-05-06T22:16:55.850000,26.86
2025-05-06T22:16:50.845000,39.84
2025-05-06T22:16:45.842000,97.68
2025-05-06T22:16:40.839000,76.65
2025-05-06T22:16:35.838000,61.28
2025-05-06T22:16:30.832000,21.52
2025-05-06T22:16:25.828000,46.78
2025-05-06T22:16:20.823000,67.09
2025-05-06T22:16:15.819000,93.57
2025-05-06T22:16:10.813000,95.18
2025-05-06T22:16:05.812000,61.88
2025-05-06T22:16:00.807000,61.52
2025-05-06T22:15:55.803000,85.54
2025-05-06T22:15:50.800000,73.78
2025-05-06T22:15:45.796000,62.75
2025-05-06T22:15:40.790000,78.82
2025-05-06T22:15:35.789000,77.28
2025-05-06T22:15:30.785000,70.88
2025-05-06T22:15:25.781000,60.05
2025-05-06T22:15:20.776000,48.26
2025-05-06T22:15:15.776000,27.53
2025-05-06T22:15:10.769000,97.29
2025-05-06T22:15:05.769000,27.62
2025-05-06T22:15:00.766000,90.02
2025-05-06T22:14:55.757000,31.67
2025-05-06T22:14:50.750000,44.49
2025-05-06T22:14:45.739000,86.15
2025-05-06T22:14:40.732000,40.28
2025-05-06T22:14:35.730000,55.19
2025-05-06T22:14:30.724000,88.74
2025-05-06T22:14:25.718000,72.5
2025-05-06T22:14:20.713000,75.71
2025-05-06T22:14:15.709000,92.72
2025-05-06T22:14:10.704000,47.86
2025-05-06T22:14:05.705000,51.34
2025-05-06T22:14:00.701000,54.65
2025-05-06T22:13:55.697000,48.91
2025-05-06T22:13:50.693000,41.08
2025-05-06T22:13:45.690000,30.92
2025-05-06T22:13:40.686000,75.1
2025-05-06T22:13:35.686000,67.3
2025-05-06T22:13:30.683000,26.24
2025-05-06T22:13:25.679000,39.97
2025-05-06T22:13:20.677000,50.67
2025-05-06T22:13:15.672000,94.13
2025-05-06T22:13:10.668000,45.89
2025-05-06T22:13:05.667000,62.78
2025-05-06T22:13:00.663000,23.25
2025-05-06T22:12:55.660000,46.89
2025-05-06T22:12:50.655000,72.3
2025-05-06T22:12:45.652000,98.95
2025-05-06T22:12:40.647000,20.53
2025-05-06T22:12:35.645000,43.71
2025-05-06T22:12:30.639000,58.67
2025-05-06T22:12:25.636000,68.7
2025-05-06T22:12:20.633000,88.81
2025-05-06T22:12:15.629000,59.32
2025-05-06T22:12:10.626000,31.6
2025-05-06T22:12:05.624000,64.95
2025-05-06T22:12:00.621000,20.65
2025-05-06T22:11:55.618000,92.41
2025-05-06T22:11:50.614000,89.95
2025-05-06T22:11:45.611000,66.78
2025-05-06T22:11:40.607000,89.91
2025-05-06T22:11:35.607000,94.3
2025-05-06T22:11:30.604000,73.77
2025-05-06T22:11:25.598000,74.84
2025-05-06T22:11:20.595000,57.92
2025-05-06T22:11:15.607000,82.24
2025-05-06T22:11:10.588000,45.31
2025-05-06T22:11:05.585000,90.84
2025-05-06T22:11:00.581000,54.92
2025-05-06T22:10:55.578000,67.42
2025-05-06T22:10:50.572000,86.7
2025-05-06T22:10:45.569000,50.86
2025-05-06T22:10:40.564000,98.63
2025-05-06T22:10:35.564000,95.99
2025-05-06T22:10:30.560000,24.2
2025-05-06T22:10:25.558000,71.73
2025-05-06T22:10:20.554000,50.11
2025-05-06T22:10:15.550000,25.84
2025-05-06T22:10:10.546000,59.33
2025-05-06T22:10:05.545000,57.68
2025-05-06T22:10:00.540000,68.03
2025-05-06T22:09:55.536000,67.62
2025-05-06T22:09:50.534000,54.59
2025-05-06T22:09:45.531000,83.67
2025-05-06T22:09:40.526000,65.98
2025-05-06T22:09:35.524000,24.51
2025-05-06T22:09:30.520000,67.84
2025-05-06T22:09:25.517000,89.59
2025-05-06T22:09:20.514000,33.6
2025-05-06T22:09:15.511000,49.76
2025-05-06T22:09:10.507000,96.08
2025-05-06T22:09:05.505000,29.78
2025-05-06T22:09:00.501000,68.61
2025-05-06T22:08:55.496000,96.79
2025-05-06T22:08:50.493000,66.03
2025-05-06T22:08:45.490000,44.36
2025-05-06T22:08:40.486000,51.46
2025-05-06T22:08:35.482000,68.11
2025-05-06T22:08:30.478000,80.57
2025-05-06T22:08:25.471000,58.82
2025-05-06T22:08:20.468000,39.95
2025-05-06T22:08:15.465000,87.64
2025-05-06T22:08:10.462000,54.04
2025-05-06T22:08:05.462000,37.55
2025-05-06T22:08:00.458000,97.36
2025-05-06T22:07:55.454000,20.08
2025-05-06T22:07:50.450000,66.71
2025-05-06T22:07:45.445000,91.27
2025-05-06T22:07:40.440000,66.04
2025-05-06T22:07:35.437000,54.56
2025-05-06T22:07:30.433000,50.11
2025-05-06T22:07:25.429000,58.93
2025-05-06T22:07:20.425000,58.68
2025-05-06T22:07:15.432000,50.73
2025-05-06T22:07:10.418000,29.48
2025-05-06T22:07:05.417000,81.72
2025-05-06T22:07:00.413000,42.56
2025-05-06T22:06:55.410000,95.35
2025-05-06T22:06:50.404000,95.9
2025-05-06T22:06:45.400000,65.87
2025-05-06T22:06:40.397000,32.74
2025-05-06T22:06:35.395000,22.02
2025-05-06T22:06:30.391000,64.81
2025-05-06T22:06:25.388000,93.12
2025-05-06T22:06:20.385000,23.46
2025-05-06T22:06:15.381000,44.94
2025-05-06T22:06:10.377000,28.41
2025-05-06T22:06:05.378000,99.21
2025-05-06T22:06:00.371000,40.2
2025-05-06T22:05:55.367000,69.49
2025-05-06T22:05:50.362000,94.44
2025-05-06T22:05:45.357000,97.71
2025-05-06T22:05:40.354000,77.29
2025-05-06T22:05:35.353000,58.95
2025-05-06T22:05:30.346000,93.39
2025-05-06T22:05:25.342000,94.72
2025-05-06T22:05:20.338000,39.26
2025-05-06T22:05:15.327000,35.66
2025-05-06T22:05:10.306000,81.88
2025-05-06T22:05:05.304000,31.4
2025-05-06T22:05:00.300000,97.33
2025-05-06T22:04:55.294000,73.7
2025-05-06T22:04:50.289000,99.13
2025-05-06T22:04:45.285000,44.69
2025-05-06T22:04:40.280000,47.78
2025-05-06T22:04:35.278000,46.45
2025-05-06T22:04:30.273000,65.42
2025-05-06T22:04:25.268000,37.05
2025-05-06T22:04:20.264000,43.13
2025-05-06T22:04:15.252000,33.68
2025-05-06T22:04:10.233000,31.01
2025-05-06T22:04:05.231000,48.01
2025-05-06T22:04:00.221000,21.05
2025-05-06T22:03:55.212000,81.13
2025-05-06T22:03:50.208000,59.8
2025-05-06T22:03:45.203000,75.54
2025-05-06T22:03:40.197000,25.94
2025-05-06T22:03:35.195000,62.42
2025-05-06T22:03:30.190000,89.9
2025-05-06T22:03:25.186000,40.48
2025-05-06T22:03:20.182000,91.41
2025-05-06T22:03:15.182000,32.91
2025-05-06T22:03:10.174000,47.59
2025-05-06T22:03:05.173000,30.16
2025-05-06T22:03:00.168000,70.44
2025-05-06T22:02:55.164000,54.7
2025-05-06T22:02:50.159000,47.67
2025-05-06T22:02:45.157000,99.73
2025-05-06T22:02:40.153000,46.1
2025-05-06T22:02:35.151000,59.74
2025-05-06T22:02:30.144000,71.26
2025-05-06T22:02:25.140000,81.01
2025-05-06T22:02:20.134000,50.73
2025-05-06T22:02:15.130000,23.15
2025-05-06T22:02:10.126000,58.04
2025-05-06T22:02:05.116000,94.39
2025-05-06T22:02:00.110000,82.51
2025-05-06T22:01:55.107000,38.08
2025-05-06T22:01:50.103000,75.36
2025-05-06T22:01:45.096000,74.05
2025-05-06T22:01:40.080000,85.94
2025-05-06T22:01:35.086000,69.09
2025-05-06T22:01:30.082000,44.81
2025-05-06T22:01:25.076000,79.58
2025-05-06T22:01:20.069000,57.22
2025-05-06T22:01:15.081000,67.77
2025-05-06T22:01:10.061000,65.26
2025-05-06T22:01:05.060000,71.86
2025-05-06T22:01:00.038000,95.24
2025-05-06T22:00:55.034000,67.11
2025-05-06T22:00:50.030000,65.83
2025-05-06T22:00:45.025000,47.93
2025-05-06T22:00:40.020000,76.02
2025-05-06T22:00:35.018000,63.91
2025-05-06T22:00:30.010000,63.72
2025-05-06T22:00:24.988000,23.69
2025-05-06T22:00:19.985000,97.28
2025-05-06T22:00:14.979000,72.47
2025-05-06T22:00:09.974000,38.73
2025-05-06T22:00:04.972000,51.22
2025-05-06T21:59:59.967000,55.35
2025-05-06T21:59:54.960000,29.51
2025-05-06T21:59:49.956000,92.17
2025-05-06T21:59:44.950000,85.31
2025-05-06T21:59:39.946000,85.5
2025-05-06T21:59:34.943000,51.95
2025-05-06T21:59:29.938000,26.43
2025-05-06T21:59:24.932000,20.54
2025-05-06T21:59:19.926000,81.76
2025-05-06T21:59:14.925000,37.75
2025-05-06T21:59:09.917000,25.47
2025-05-06T21:59:04.915000,42.12
2025-05-06T21:58:59.911000,52.37
2025-05-06T21:58:54.906000,78.11
2025-05-06T21:58:49.902000,63.66
2025-05-06T21:58:44.891000,39.44
2025-05-06T21:58:39.885000,45.56
2025-05-06T21:58:34.882000,91.8
2025-05-06T21:58:29.879000,53.53
2025-05-06T21:58:24.855000,41.2
2025-05-06T21:58:19.848000,53.78
2025-05-06T21:58:14.845000,53.35
2025-05-06T21:58:09.841000,70.82
2025-05-06T21:58:04.840000,92.9
2025-05-06T21:57:59.836000,78.88
2025-05-06T21:57:54.829000,26.68
2025-05-06T21:57:49.824000,97.06
2025-05-06T21:57:44.820000,38.82
2025-05-06T21:57:39.814000,39.39
2025-05-06T21:57:34.812000,72.31
2025-05-06T21:57:29.806000,84.63
2025-05-06T21:57:24.801000,66.69
2025-05-06T21:57:19.796000,67.83
2025-05-06T21:57:14.796000,72.95
2025-05-06T21:57:09.787000,82.79
2025-05-06T21:57:04.787000,87.66
2025-05-06T21:56:59.784000,43.04
2025-05-06T21:56:54.767000,63.38
2025-05-06T21:56:49.762000,65.73
2025-05-06T21:56:44.757000,62.35
2025-05-06T21:56:39.752000,82.5
2025-05-06T21:56:34.747000,42.07
2025-05-06T21:56:29.739000,59.1
2025-05-06T21:56:24.735000,95.14
2025-05-06T21:56:19.730000,89.15
2025-05-06T21:56:14.727000,92.58
2025-05-06T21:56:09.722000,24.04
2025-05-06T21:56:04.718000,22.84
2025-05-06T21:55:59.712000,56.51
2025-05-06T21:55:54.708000,59.1
2025-05-06T21:55:49.704000,33.34
2025-05-06T21:55:44.700000,61.1
2025-05-06T21:55:39.695000,52.42
2025-05-06T21:55:34.692000,57.03
2025-05-06T21:55:29.688000,32.72
2025-05-06T21:55:24.683000,39.04
2025-05-06T21:55:19.679000,25.5
2025-05-06T21:55:14.669000,21.34
2025-05-06T21:55:09.659000,58.37
2025-05-06T21:55:04.657000,74.75
2025-05-06T21:54:59.654000,30.59
2025-05-06T21:54:54.649000,46.3
2025-05-06T21:54:49.645000,52.79
2025-05-06T21:54:44.632000,51.23
2025-05-06T21:54:39.596000,52.54
2025-05-06T21:54:34.592000,99.71
2025-05-06T21:54:29.588000,73.37
2025-05-06T21:54:24.577000,96.11
2025-05-06T21:54:19.573000,97.67
2025-05-06T21:54:14.568000,43.8
2025-05-06T21:54:09.566000,46.24
2025-05-06T21:54:04.560000,83.91
2025-05-06T21:53:59.555000,90.98
2025-05-06T21:53:54.550000,88.35
2025-05-06T21:53:49.546000,21.29
2025-05-06T21:53:44.542000,24.19
2025-05-06T21:53:39.538000,75.79
2025-05-06T21:53:34.579000,32.72
2025-05-06T21:53:29.529000,63.26
2025-05-06T21:53:24.525000,93.76
2025-05-06T21:53:19.518000,69.07
2025-05-06T21:53:14.514000,92.74
2025-05-06T21:53:09.511000,47.33
2025-05-06T21:53:04.505000,33.5
2025-05-06T21:52:59.499000,67.58
2025-05-06T21:52:54.495000,68.87
2025-05-06T21:52:49.491000,89.82
2025-05-06T21:52:44.488000,50.93
2025-05-06T21:52:39.485000,46.15
2025-05-06T21:52:34.481000,46.78
2025-05-06T21:52:29.477000,58.53
2025-05-06T21:52:24.473000,34.69
2025-05-06T21:52:19.466000,66.21
2025-05-06T21:52:14.461000,21.17
2025-05-06T21:52:09.461000,96.52
2025-05-06T21:52:04.457000,52.17
2025-05-06T21:51:59.451000,25.16
2025-05-06T21:51:54.445000,96.48
2025-05-06T21:51:49.439000,93.95
2025-05-06T21:51:44.414000,52.57
2025-05-06T21:51:39.412000,57.76
2025-05-06T21:51:34.408000,39.67
2025-05-06T21:51:29.402000,25.24
2025-05-06T21:51:24.377000,95.0
2025-05-06T21:51:19.368000,24.74
2025-05-06T21:51:14.324000,90.88
2025-05-06T21:51:09.298000,51.44
2025-05-06T21:51:04.294000,76.93
2025-05-06T21:50:59.290000,89.56
2025-05-06T21:50:54.285000,63.9
2025-05-06T21:50:49.280000,82.41
2025-05-06T21:50:44.276000,76.24
2025-05-06T21:50:39.274000,23.22
2025-05-06T21:50:34.270000,50.09
2025-05-06T21:50:29.264000,40.7
2025-05-06T21:50:24.260000,87.25
2025-05-06T21:50:19.253000,75.57
2025-05-06T21:50:14.247000,48.54
2025-05-06T21:50:09.246000,69.8
2025-05-06T21:50:04.243000,72.52
2025-05-06T21:49:59.239000,43.21
2025-05-06T21:49:54.234000,83.22
2025-05-06T21:49:49.228000,78.24
2025-05-06T21:49:44.223000,38.45
2025-05-06T21:49:39.221000,44.92
2025-05-06T21:49:34.216000,83.84
2025-05-06T21:49:29.212000,79.65
2025-05-06T21:49:24.207000,33.69
2025-05-06T21:49:19.203000,74.76
2025-05-06T21:49:14.199000,61.52
2025-05-06T21:49:09.195000,46.35
2025-05-06T21:49:04.190000,84.77
2025-05-06T21:48:59.187000,24.83
2025-05-06T21:48:54.181000,65.45
2025-05-06T21:48:49.175000,93.82
2025-05-06T21:48:44.166000,58.54
2025-05-06T21:48:39.165000,97.38
2025-05-06T21:48:34.159000,86.97
2025-05-06T21:48:29.151000,94.9
2025-05-06T21:48:24.144000,78.62
2025-05-06T21:48:19.137000,52.26
2025-05-06T21:48:14.130000,70.27
2025-05-06T21:48:09.125000,37.75
2025-05-06T21:48:04.121000,97.68
2025-05-06T21:47:59.116000,63.8
2025-05-06T21:47:54.110000,39.64
2025-05-06T21:47:49.103000,41.97
2025-05-06T21:47:44.097000,61.56
2025-05-06T21:47:39.094000,67.67
2025-05-06T21:47:34.090000,20.37
2025-05-06T21:47:29.085000,69.52
2025-05-06T21:47:24.081000,89.23
2025-05-06T21:47:19.077000,40.84
2025-05-06T21:47:14.073000,92.33
2025-05-06T21:47:09.070000,34.86
2025-05-06T21:47:04.067000,75.93
2025-05-06T21:46:59.062000,71.26
2025-05-06T21:46:54.058000,91.01
2025-05-06T21:46:49.053000,40.73
2025-05-06T21:46:44.049000,90.65
2025-05-06T21:46:39.047000,54.42
2025-05-06T21:46:34.043000,59.75
2025-05-06T21:46:29.039000,30.37
2025-05-06T21:46:24.036000,20.67
2025-05-06T21:46:19.032000,53.35
2025-05-06T21:46:14.028000,86.17
2025-05-06T21:46:09.026000,53.57
2025-05-06T21:46:04.020000,94.91
2025-05-06T21:45:59.014000,24.42
2025-05-06T21:45:54.010000,27.11
2025-05-06T21:45:49.005000,45.97
2025-05-06T21:45:44,45.33
2025-05-06T21:45:38.998000,32.6
2025-05-06T21:45:33.991000,57.66
2025-05-06T21:45:28.987000,61.86
2025-05-06T21:45:23.983000,88.65
2025-05-06T21:45:18.978000,96.41
2025-05-06T21:45:13.975000,38.79
2025-05-06T21:45:08.971000,45.0
2025-05-06T21:45:03.967000,20.87
2025-05-06T21:44:58.961000,21.04
2025-05-06T21:44:53.957000,51.15
2025-05-06T21:44:48.950000,37.89
2025-05-06T21:44:43.917000,51.14
2025-05-06T21:44:38.914000,90.84
2025-05-06T21:44:33.904000,95.25
2025-05-06T21:44:28.893000,93.75
2025-05-06T21:44:23.889000,83.44
2025-05-06T21:44:18.884000,72.15
2025-05-06T21:44:13.881000,72.35
2025-05-06T21:44:08.838000,71.55
2025-05-06T21:44:03.832000,26.83
2025-05-06T21:43:58.824000,64.67
2025-05-06T21:43:53.819000,41.29
2025-05-06T21:43:48.813000,31.81
2025-05-06T21:43:43.808000,29.02
2025-05-06T21:43:38.807000,63.0
2025-05-06T21:43:33.804000,79.0
2025-05-06T21:43:28.801000,99.25
2025-05-06T21:43:23.798000,66.38
2025-05-06T21:43:18.791000,34.42
2025-05-06T21:43:13.709000,23.6
2025-05-06T21:43:08.707000,47.2
2025-05-06T21:43:03.701000,23.72
2025-05-06T21:42:58.696000,39.6
2025-05-06T21:42:53.688000,72.44
2025-05-06T21:42:48.681000,43.73
2025-05-06T21:42:43.676000,95.78
2025-05-06T21:42:38.674000,25.67
2025-05-06T21:42:33.668000,41.72
2025-05-06T21:42:28.664000,33.93
2025-05-06T21:42:23.661000,62.88
2025-05-06T21:42:18.655000,61.98
2025-05-06T21:42:13.650000,63.12
2025-05-06T21:42:08.649000,20.41
2025-05-06T21:42:03.644000,49.04
2025-05-06T21:41:58.640000,39.5
2025-05-06T21:41:53.637000,42.26
2025-05-06T21:41:48.632000,39.33
2025-05-06T21:41:43.628000,22.34
2025-05-06T21:41:38.626000,59.57
2025-05-06T21:41:33.613000,24.34
2025-05-06T21:41:28.607000,59.05
2025-05-06T21:41:23.601000,83.62
2025-05-06T21:41:18.595000,23.37
2025-05-06T21:41:13.591000,69.01
2025-05-06T21:41:08.587000,25.58
2025-05-06T21:41:03.583000,70.3
2025-05-06T21:40:58.579000,76.51
2025-05-06T21:40:53.572000,86.17
2025-05-06T21:40:48.567000,91.15
2025-05-06T21:40:43.562000,67.62
2025-05-06T21:40:38.561000,90.43
2025-05-06T21:40:33.557000,81.07
2025-05-06T21:40:28.552000,76.4
2025-05-06T21:40:23.537000,98.4
2025-05-06T21:40:18.523000,68.34
2025-05-06T21:40:13.517000,89.81
2025-05-06T21:40:08.512000,80.19
2025-05-06T21:40:03.507000,32.04
2025-05-06T21:39:58.501000,66.53
2025-05-06T21:39:53.497000,97.3
2025-05-06T21:39:48.492000,37.04
2025-05-06T21:39:43.484000,75.94
2025-05-06T21:39:38.477000,39.63
2025-05-06T21:39:33.472000,29.1
2025-05-06T21:39:28.466000,24.01
2025-05-06T21:39:23.462000,94.39
2025-05-06T21:39:18.457000,31.99
2025-05-06T21:39:13.451000,57.79
2025-05-06T21:39:08.441000,55.49
2025-05-06T21:39:03.434000,88.87
2025-05-06T21:38:58.429000,38.32
2025-05-06T21:38:53.423000,36.35
2025-05-06T21:38:48.419000,64.97
2025-05-06T21:38:43.414000,98.28
2025-05-06T21:38:38.412000,83.55
2025-05-06T21:38:33.407000,47.87
2025-05-06T21:38:28.401000,60.71
2025-05-06T21:38:23.388000,30.17
2025-05-06T21:38:18.374000,52.7
2025-05-06T21:38:13.359000,91.14
2025-05-06T21:38:08.354000,96.53
2025-05-06T21:38:03.342000,41.6
2025-05-06T21:37:58.331000,28.19
2025-05-06T21:37:53.326000,66.19
2025-05-06T21:37:48.320000,60.51
2025-05-06T21:37:43.311000,21.22
2025-05-06T21:37:38.306000,55.17
2025-05-06T21:37:33.286000,28.92
2025-05-06T21:37:28.267000,27.34
2025-05-06T21:37:23.254000,51.04
2025-05-06T21:37:18.245000,21.82
2025-05-06T21:37:13.246000,35.43
2025-05-06T21:37:08.239000,60.09
2025-05-06T21:37:03.235000,38.55
2025-05-06T21:36:58.230000,40.15
2025-05-06T21:36:53.225000,30.1
2025-05-06T21:36:48.214000,94.72
2025-05-06T21:36:43.202000,22.51
2025-05-06T21:36:38.197000,92.63
2025-05-06T21:36:33.190000,35.58
2025-05-06T21:36:28.184000,74.14
2025-05-06T21:36:23.179000,83.33
2025-05-06T21:36:18.173000,76.29
2025-05-06T21:36:13.166000,94.79
2025-05-06T21:36:08.163000,90.29
2025-05-06T21:36:03.159000,59.42
2025-05-06T21:35:58.153000,90.38
2025-05-06T21:35:53.148000,88.64
2025-05-06T21:35:48.142000,97.15
2025-05-06T21:35:43.134000,78.83
2025-05-06T21:35:38.129000,28.57
2025-05-06T21:35:33.114000,69.36
2025-05-06T21:35:28.108000,70.8
2025-05-06T21:35:23.106000,98.7
2025-05-06T21:35:18.097000,39.27
2025-05-06T21:35:13.087000,87.21
2025-05-06T21:35:08.068000,70.27
2025-05-06T21:35:03.064000,44.65
2025-05-06T21:34:58.054000,56.5
2025-05-06T21:34:53.049000,58.98
2025-05-06T21:34:48.029000,72.04
2025-05-06T21:34:43.006000,81.41
2025-05-06T21:34:37.998000,88.59
2025-05-06T21:34:32.982000,46.72
2025-05-06T21:34:27.960000,85.98
2025-05-06T21:34:22.957000,30.07
2025-05-06T21:34:17.951000,53.86
2025-05-06T21:34:12.945000,68.34
2025-05-06T21:34:07.944000,21.96
2025-05-06T21:34:02.938000,69.83
2025-05-06T21:33:57.932000,28.67
2025-05-06T21:33:52.923000,58.19
2025-05-06T21:33:47.912000,32.03
2025-05-06T21:33:43.521000,91.3
