timestamp,Irradiance
2025-05-07T15:07:41.362000,534.85
2025-05-07T15:07:36.359000,514.23
2025-05-07T15:07:31.355000,211.59
2025-05-07T15:07:26.349000,413.57
2025-05-07T15:07:21.345000,641.13
2025-05-07T15:07:16.343000,604.13
2025-05-07T15:07:11.337000,548.26
2025-05-07T15:07:06.331000,867.85
2025-05-07T15:07:01.326000,607.89
2025-05-07T15:06:56.322000,594.06
2025-05-07T15:06:51.316000,627.04
2025-05-07T15:06:46.311000,538.67
2025-05-07T15:06:41.307000,843.55
2025-05-07T15:06:36.302000,322.13
2025-05-07T15:06:31.297000,923.91
2025-05-07T15:06:26.287000,431.89
2025-05-07T15:06:21.283000,588.94
2025-05-07T15:06:16.282000,471.94
2025-05-07T15:06:11.277000,900.11
2025-05-07T15:06:06.274000,530.74
2025-05-07T15:06:01.269000,873.21
2025-05-07T15:05:56.262000,929.82
2025-05-07T15:05:51.255000,575.19
2025-05-07T15:05:46.253000,906.03
2025-05-07T15:05:41.248000,946.23
2025-05-07T15:05:36.244000,734.89
2025-05-07T15:05:31.235000,377.26
2025-05-07T15:05:26.230000,324.39
2025-05-07T15:05:21.225000,304.19
2025-05-07T15:05:16.221000,333.58
2025-05-07T15:05:11.216000,637.36
2025-05-07T15:05:06.211000,257.89
2025-05-07T15:05:01.206000,754.75
2025-05-07T15:04:56.202000,867.87
2025-05-07T15:04:51.198000,486.76
2025-05-07T15:04:46.195000,456.56
2025-05-07T15:04:41.189000,616.88
2025-05-07T15:04:36.184000,358.6
2025-05-07T15:04:31.178000,885.04
2025-05-07T15:04:26.174000,585.73
2025-05-07T15:04:21.170000,906.68
2025-05-07T15:04:16.165000,338.09
2025-05-07T15:04:11.159000,224.41
2025-05-07T15:04:06.155000,313.0
2025-05-07T15:04:01.150000,765.92
2025-05-07T15:03:56.145000,308.88
2025-05-07T15:03:51.137000,870.57
2025-05-07T15:03:46.135000,762.1
2025-05-07T15:03:41.131000,792.46
2025-05-07T15:03:36.122000,587.85
2025-05-07T15:03:31.115000,608.9
2025-05-07T15:03:26.106000,423.72
2025-05-07T15:03:21.102000,235.04
2025-05-07T15:03:16.096000,336.07
2025-05-07T15:03:11.086000,310.15
2025-05-07T15:03:06.081000,383.13
2025-05-07T15:03:01.074000,695.85
2025-05-07T15:02:56.068000,511.78
2025-05-07T15:02:51.056000,279.42
2025-05-07T15:02:46.053000,322.46
2025-05-07T15:02:41.043000,622.62
2025-05-07T15:02:36.034000,731.92
2025-05-07T15:02:31.026000,230.78
2025-05-07T15:02:26.022000,468.89
2025-05-07T15:02:21.015000,222.46
2025-05-07T15:02:16.012000,331.98
2025-05-07T15:02:11.007000,254.83
2025-05-07T15:02:06.003000,579.6
2025-05-07T15:02:00.998000,645.82
2025-05-07T15:01:55.990000,961.7
2025-05-07T15:01:50.986000,292.77
2025-05-07T15:01:45.983000,462.3
2025-05-07T15:01:40.979000,346.7
2025-05-07T15:01:35.975000,738.72
2025-05-07T15:01:30.955000,780.37
2025-05-07T15:01:25.945000,386.79
2025-05-07T15:01:20.940000,993.25
2025-05-07T15:01:15.937000,331.01
2025-05-07T15:01:10.929000,302.63
2025-05-07T15:01:05.924000,698.57
2025-05-07T15:01:00.918000,406.73
2025-05-07T15:00:55.913000,783.75
2025-05-07T15:00:50.908000,479.8
2025-05-07T15:00:45.906000,648.79
2025-05-07T15:00:40.899000,947.81
2025-05-07T15:00:35.894000,297.94
2025-05-07T15:00:30.889000,972.64
2025-05-07T15:00:25.884000,787.23
2025-05-07T15:00:20.880000,530.66
2025-05-07T15:00:15.878000,974.96
2025-05-07T15:00:10.873000,548.2
2025-05-07T15:00:05.867000,263.9
2025-05-07T15:00:00.863000,207.92
2025-05-07T14:59:55.860000,747.68
2025-05-07T14:59:50.856000,726.28
2025-05-07T14:59:45.854000,652.23
2025-05-07T14:59:40.847000,421.06
2025-05-07T14:59:35.842000,714.07
2025-05-07T14:59:30.837000,879.33
2025-05-07T14:59:25.833000,674.39
2025-05-07T14:59:20.828000,671.17
2025-05-07T14:59:15.824000,428.03
2025-05-07T14:59:10.818000,784.03
2025-05-07T14:59:05.814000,356.44
2025-05-07T14:59:00.810000,790.87
2025-05-07T14:58:55.806000,439.39
2025-05-07T14:58:50.801000,955.56
2025-05-07T14:58:45.801000,339.78
2025-05-07T14:58:40.792000,876.13
2025-05-07T14:58:35.784000,487.46
2025-05-07T14:58:30.780000,883.11
2025-05-07T14:58:25.776000,639.57
2025-05-07T14:58:20.771000,921.55
2025-05-07T14:58:15.768000,209.72
2025-05-07T14:58:10.763000,609.66
2025-05-07T14:58:05.759000,815.44
2025-05-07T14:58:00.750000,424.6
2025-05-07T14:57:55.743000,771.8
2025-05-07T14:57:50.739000,438.53
2025-05-07T14:57:45.735000,386.84
2025-05-07T14:57:40.731000,901.87
2025-05-07T14:57:35.726000,684.06
2025-05-07T14:57:30.722000,241.29
2025-05-07T14:57:25.717000,246.19
2025-05-07T14:57:20.711000,717.33
2025-05-07T14:57:15.705000,491.1
2025-05-07T14:57:10.701000,337.25
2025-05-07T14:57:05.695000,826.84
2025-05-07T14:57:00.689000,920.53
2025-05-07T14:56:55.682000,861.55
2025-05-07T14:56:50.676000,752.19
2025-05-07T14:56:45.673000,453.79
2025-05-07T14:56:40.669000,226.33
2025-05-07T14:56:35.665000,712.5
2025-05-07T14:56:30.662000,354.35
2025-05-07T14:56:25.658000,357.54
2025-05-07T14:56:20.654000,268.02
2025-05-07T14:56:15.652000,464.34
2025-05-07T14:56:10.641000,475.56
2025-05-07T14:56:05.638000,278.28
2025-05-07T14:56:00.634000,575.71
2025-05-07T14:55:55.631000,392.61
2025-05-07T14:55:50.627000,911.73
2025-05-07T14:55:45.626000,952.12
2025-05-07T14:55:40.620000,596.3
2025-05-07T14:55:35.617000,964.96
2025-05-07T14:55:30.613000,656.39
2025-05-07T14:55:25.609000,705.87
2025-05-07T14:55:20.601000,886.11
2025-05-07T14:55:15.599000,285.39
2025-05-07T14:55:10.593000,664.72
2025-05-07T14:55:05.590000,539.21
2025-05-07T14:55:00.585000,429.22
2025-05-07T14:54:55.582000,859.13
2025-05-07T14:54:50.579000,927.49
2025-05-07T14:54:45.578000,639.8
2025-05-07T14:54:40.573000,467.88
2025-05-07T14:54:35.570000,979.33
2025-05-07T14:54:30.564000,650.83
2025-05-07T14:54:25.561000,437.04
2025-05-07T14:54:20.558000,886.26
2025-05-07T14:54:15.557000,238.99
2025-05-07T14:54:10.552000,584.84
2025-05-07T14:54:05.547000,981.39
2025-05-07T14:54:00.542000,811.86
2025-05-07T14:53:55.537000,717.51
2025-05-07T14:53:50.532000,378.64
2025-05-07T14:53:45.530000,471.17
2025-05-07T14:53:40.525000,734.97
2025-05-07T14:53:35.516000,358.87
2025-05-07T14:53:30.508000,920.41
2025-05-07T14:53:25.496000,574.4
2025-05-07T14:53:20.492000,215.69
2025-05-07T14:53:15.490000,853.12
2025-05-07T14:53:10.483000,249.57
2025-05-07T14:53:05.474000,446.4
2025-05-07T14:53:00.469000,587.96
2025-05-07T14:52:55.451000,907.73
2025-05-07T14:52:50.447000,660.91
2025-05-07T14:52:45.444000,549.62
2025-05-07T14:52:40.433000,927.3
2025-05-07T14:52:35.428000,859.79
2025-05-07T14:52:30.422000,850.22
2025-05-07T14:52:25.418000,686.53
2025-05-07T14:52:20.414000,513.45
2025-05-07T14:52:15.412000,372.15
2025-05-07T14:52:10.408000,510.9
2025-05-07T14:52:05.404000,377.57
2025-05-07T14:52:00.390000,724.01
2025-05-07T14:51:55.382000,281.75
2025-05-07T14:51:50.377000,658.04
2025-05-07T14:51:45.372000,204.95
2025-05-07T14:51:40.366000,926.65
2025-05-07T14:51:35.360000,365.38
2025-05-07T14:51:30.355000,658.47
2025-05-07T14:51:25.347000,397.1
2025-05-07T14:51:20.341000,623.17
2025-05-07T14:51:15.338000,936.16
2025-05-07T14:51:10.334000,455.9
2025-05-07T14:51:05.325000,741.21
2025-05-07T14:51:00.321000,965.12
2025-05-07T14:50:55.317000,325.61
2025-05-07T14:50:50.313000,932.64
2025-05-07T14:50:45.309000,736.67
2025-05-07T14:50:40.306000,422.02
2025-05-07T14:50:35.302000,353.73
2025-05-07T14:50:30.296000,310.18
2025-05-07T14:50:25.291000,324.68
2025-05-07T14:50:20.286000,369.61
2025-05-07T14:50:15.284000,998.75
2025-05-07T14:50:10.280000,476.91
2025-05-07T14:50:05.276000,433.63
2025-05-07T14:50:00.270000,306.7
2025-05-07T14:49:55.264000,672.09
2025-05-07T14:49:50.260000,526.77
2025-05-07T14:49:45.259000,833.23
2025-05-07T14:49:40.255000,623.92
2025-05-07T14:49:35.251000,366.65
2025-05-07T14:49:30.246000,681.62
2025-05-07T14:49:25.238000,793.35
2025-05-07T14:49:20.234000,655.33
2025-05-07T14:49:15.232000,660.26
2025-05-07T14:49:10.228000,286.61
2025-05-07T14:49:05.222000,773.88
2025-05-07T14:49:00.215000,962.69
2025-05-07T14:48:55.211000,476.86
2025-05-07T14:48:50.207000,744.31
2025-05-07T14:48:45.205000,583.73
2025-05-07T14:48:40.201000,887.24
2025-05-07T14:48:35.190000,404.25
2025-05-07T14:48:30.185000,729.89
2025-05-07T14:48:25.180000,826.39
2025-05-07T14:48:20.176000,227.22
2025-05-07T14:48:15.176000,922.98
2025-05-07T14:48:10.171000,906.09
2025-05-07T14:48:05.166000,424.16
2025-05-07T14:48:00.162000,928.64
2025-05-07T14:47:55.158000,419.91
2025-05-07T14:47:50.155000,662.58
2025-05-07T14:47:45.154000,233.36
2025-05-07T14:47:40.148000,266.58
2025-05-07T14:47:35.144000,834.27
2025-05-07T14:47:30.141000,883.5
2025-05-07T14:47:25.135000,473.5
2025-05-07T14:47:20.132000,662.29
2025-05-07T14:47:15.131000,777.49
2025-05-07T14:47:10.127000,450.52
2025-05-07T14:47:05.122000,225.94
2025-05-07T14:47:00.115000,450.89
2025-05-07T14:46:55.110000,592.44
2025-05-07T14:46:50.105000,725.69
2025-05-07T14:46:45.102000,952.49
2025-05-07T14:46:40.098000,453.17
2025-05-07T14:46:35.094000,272.85
2025-05-07T14:46:30.076000,379.7
2025-05-07T14:46:25.062000,340.7
2025-05-07T14:46:20.056000,235.1
2025-05-07T14:46:15.054000,808.97
2025-05-07T14:46:10.050000,880.54
2025-05-07T14:46:05.046000,613.69
2025-05-07T14:46:00.042000,211.01
2025-05-07T14:45:55.035000,681.23
2025-05-07T14:45:50.029000,345.21
2025-05-07T14:45:45.026000,389.51
2025-05-07T14:45:40.022000,751.19
2025-05-07T14:45:35.018000,763.73
2025-05-07T14:45:30.013000,713.23
2025-05-07T14:45:25.009000,574.65
2025-05-07T14:45:20.005000,257.42
2025-05-07T14:45:14.999000,370.15
2025-05-07T14:45:09.990000,235.58
2025-05-07T14:45:04.966000,615.3
2025-05-07T14:44:59.961000,901.67
2025-05-07T14:44:54.956000,650.5
2025-05-07T14:44:49.952000,313.94
2025-05-07T14:44:44.950000,737.25
2025-05-07T14:44:39.944000,682.05
2025-05-07T14:44:34.941000,545.82
2025-05-07T14:44:29.938000,764.47
2025-05-07T14:44:24.925000,636.07
2025-05-07T14:44:19.920000,244.3
2025-05-07T14:44:14.917000,920.38
2025-05-07T14:44:09.912000,607.3
2025-05-07T14:44:04.909000,234.79
2025-05-07T14:43:59.903000,723.14
2025-05-07T14:43:54.894000,555.48
2025-05-07T14:43:49.888000,671.64
2025-05-07T14:43:44.886000,347.96
2025-05-07T14:43:39.881000,944.41
2025-05-07T14:43:34.877000,557.14
2025-05-07T14:43:29.873000,751.71
2025-05-07T14:43:24.866000,227.7
2025-05-07T14:43:19.859000,271.87
2025-05-07T14:43:14.854000,592.13
2025-05-07T14:43:09.846000,444.17
2025-05-07T14:43:04.845000,394.72
2025-05-07T14:42:59.837000,302.67
2025-05-07T14:42:54.833000,593.07
2025-05-07T14:42:49.829000,458.59
2025-05-07T14:42:44.827000,726.13
2025-05-07T14:42:39.824000,215.29
2025-05-07T14:42:34.820000,380.85
2025-05-07T14:42:29.813000,662.69
2025-05-07T14:42:24.809000,508.93
2025-05-07T14:42:19.804000,209.95
2025-05-07T14:42:14.802000,418.11
2025-05-07T14:42:09.797000,988.16
2025-05-07T14:42:04.792000,670.91
2025-05-07T14:41:59.789000,445.18
2025-05-07T14:41:54.783000,251.23
2025-05-07T14:41:49.780000,502.59
2025-05-07T14:41:44.778000,691.49
2025-05-07T14:41:39.775000,753.37
2025-05-07T14:41:34.772000,389.6
2025-05-07T14:41:29.768000,346.07
2025-05-07T14:41:24.763000,404.03
2025-05-07T14:41:19.758000,799.54
2025-05-07T14:41:14.757000,317.52
2025-05-07T14:41:09.754000,331.21
2025-05-07T14:41:04.751000,896.68
2025-05-07T14:40:35.242000,563.01
2025-05-07T14:40:30.272000,207.43
2025-05-07T14:40:25.414000,541.35
2025-05-07T14:40:20.412000,258.52
2025-05-07T14:40:15.408000,678.23
2025-05-07T14:40:10.402000,436.63
2025-05-07T14:40:05.398000,473.57
2025-05-07T14:40:00.392000,718.6
2025-05-07T14:39:55.388000,984.42
2025-05-07T14:39:50.385000,327.24
2025-05-07T14:39:45.381000,715.07
2025-05-07T14:39:40.374000,900.05
2025-05-07T14:39:35.369000,941.99
2025-05-07T14:39:30.363000,989.61
2025-05-07T14:39:25.358000,660.89
2025-05-07T14:39:20.355000,448.83
2025-05-07T14:39:15.350000,315.35
2025-05-07T14:39:10.346000,839.05
2025-05-07T14:39:05.341000,994.93
2025-05-07T14:39:00.336000,227.06
2025-05-07T14:38:55.331000,432.81
2025-05-07T14:38:50.327000,849.73
2025-05-07T14:38:45.322000,583.78
2025-05-07T14:38:40.320000,287.94
2025-05-07T14:38:35.311000,531.51
2025-05-07T14:38:30.306000,452.97
2025-05-07T14:38:25.303000,581.3
2025-05-07T14:38:20.298000,571.53
2025-05-07T14:38:15.294000,281.13
2025-05-07T14:38:10.289000,631.34
2025-05-07T14:38:05.283000,810.45
2025-05-07T14:38:00.279000,693.55
2025-05-07T14:37:55.275000,757.32
2025-05-07T14:37:50.273000,753.7
2025-05-07T14:37:45.268000,235.3
2025-05-07T14:37:40.264000,893.44
2025-05-07T14:37:35.258000,847.65
2025-05-07T14:37:30.244000,857.93
2025-05-07T14:37:25.238000,929.18
2025-05-07T14:37:20.235000,216.63
2025-05-07T14:37:15.229000,332.69
2025-05-07T14:37:10.220000,900.36
2025-05-07T14:37:05.215000,428.19
2025-05-07T14:37:00.211000,639.57
2025-05-07T14:36:55.179000,395.41
2025-05-07T14:36:50.174000,458.33
2025-05-07T14:36:45.169000,646.09
2025-05-07T14:36:40.164000,840.03
2025-05-07T14:36:35.159000,286.65
2025-05-07T14:36:30.155000,265.22
2025-05-07T14:36:25.151000,588.73
2025-05-07T14:36:20.149000,359.38
2025-05-07T14:36:15.144000,373.83
2025-05-07T14:36:10.141000,576.38
2025-05-07T14:36:05.135000,555.21
2025-05-07T14:36:00.130000,614.51
2025-05-07T14:35:55.126000,563.56
2025-05-07T14:35:50.123000,213.55
2025-05-07T14:35:45.117000,885.98
2025-05-07T14:35:40.112000,690.8
2025-05-07T14:35:35.105000,303.26
2025-05-07T14:35:30.100000,542.06
2025-05-07T14:35:25.095000,400.77
2025-05-07T14:35:20.070000,793.26
2025-05-07T14:35:15.052000,388.21
2025-05-07T14:35:10.047000,303.04
2025-05-07T14:35:05.042000,816.47
2025-05-07T14:35:00.037000,686.67
2025-05-07T14:34:55.032000,770.77
2025-05-07T14:34:50.029000,943.33
2025-05-07T14:34:45.023000,918.19
2025-05-07T14:34:40.018000,777.42
2025-05-07T14:34:35.014000,439.95
2025-05-07T14:34:30.010000,287.45
2025-05-07T14:34:25.005000,908.07
2025-05-07T14:34:20,560.56
2025-05-07T14:34:14.996000,651.7
2025-05-07T14:34:09.992000,720.53
2025-05-07T14:34:04.987000,230.52
2025-05-07T14:33:59.984000,971.81
2025-05-07T14:33:54.980000,285.02
2025-05-07T14:33:49.978000,904.91
2025-05-07T14:33:44.973000,284.4
2025-05-07T14:33:39.962000,771.18
2025-05-07T14:33:34.957000,324.05
2025-05-07T14:33:29.952000,759.85
2025-05-07T14:33:24.947000,282.58
2025-05-07T14:33:19.945000,745.05
2025-05-07T14:33:14.937000,685.74
2025-05-07T14:33:09.933000,829.56
2025-05-07T14:33:04.930000,587.45
2025-05-07T14:32:59.927000,575.58
2025-05-07T14:32:54.924000,897.43
2025-05-07T14:32:49.922000,785.52
2025-05-07T14:32:44.919000,413.81
2025-05-07T14:32:39.913000,524.36
2025-05-07T14:32:34.910000,599.8
2025-05-07T14:32:29.905000,683.89
2025-05-07T14:32:24.901000,399.49
2025-05-07T14:32:19.899000,943.13
2025-05-07T14:32:14.896000,389.61
2025-05-07T14:32:09.892000,489.64
2025-05-07T14:32:04.888000,710.24
2025-05-07T14:31:59.884000,351.81
2025-05-07T14:31:54.881000,869.35
2025-05-07T14:31:49.878000,888.25
2025-05-07T14:31:44.873000,834.2
2025-05-07T14:31:39.869000,226.1
2025-05-07T14:31:34.865000,771.31
2025-05-07T14:31:29.861000,448.91
2025-05-07T14:31:24.858000,417.08
2025-05-07T14:31:19.857000,255.62
2025-05-07T14:31:14.853000,865.44
2025-05-07T14:31:09.851000,443.16
2025-05-07T14:31:04.847000,222.52
2025-05-07T14:30:59.844000,488.52
2025-05-07T14:30:54.838000,346.31
2025-05-07T14:30:49.795000,986.01
2025-05-07T14:30:44.791000,412.04
2025-05-07T14:30:39.787000,921.17
2025-05-07T14:30:34.783000,726.84
2025-05-07T14:30:29.779000,600.83
2025-05-07T14:30:24.777000,895.89
2025-05-07T14:30:19.775000,828.48
2025-05-07T14:30:14.772000,763.87
2025-05-07T14:30:09.768000,555.52
2025-05-07T14:30:04.765000,433.09
2025-05-07T14:29:59.761000,307.29
2025-05-07T14:29:54.758000,277.11
2025-05-07T14:29:49.757000,474.6
2025-05-07T14:29:44.753000,789.65
2025-05-07T14:29:39.749000,751.77
2025-05-07T14:29:34.745000,514.49
2025-05-07T14:29:29.740000,784.56
2025-05-07T14:29:24.733000,549.83
2025-05-07T14:29:19.724000,255.77
2025-05-07T14:29:14.721000,205.29
2025-05-07T14:29:09.717000,261.37
2025-05-07T14:29:04.713000,392.39
2025-05-07T14:28:59.710000,638.58
2025-05-07T14:28:54.706000,830.59
2025-05-07T14:28:49.702000,680.63
2025-05-07T14:28:44.695000,987.31
2025-05-07T14:28:39.692000,922.07
2025-05-07T14:28:34.687000,408.43
2025-05-07T14:28:29.683000,622.86
2025-05-07T14:28:24.678000,922.19
2025-05-07T14:28:19.676000,857.85
2025-05-07T14:28:14.672000,622.08
2025-05-07T14:28:09.669000,823.32
2025-05-07T14:28:04.666000,269.81
2025-05-07T14:27:59.661000,240.41
2025-05-07T14:27:54.656000,860.93
2025-05-07T14:27:49.621000,936.34
2025-05-07T14:27:44.616000,430.48
2025-05-07T14:27:39.611000,541.91
2025-05-07T14:27:34.608000,351.56
2025-05-07T14:27:29.604000,258.73
2025-05-07T14:27:24.600000,513.19
2025-05-07T14:27:19.598000,207.11
2025-05-07T14:27:14.589000,826.48
2025-05-07T14:27:09.496000,911.07
2025-05-07T14:27:04.492000,886.44
2025-05-07T14:26:59.488000,920.1
2025-05-07T14:26:54.479000,357.67
2025-05-07T14:26:49.474000,386.79
2025-05-07T14:26:44.469000,369.1
2025-05-07T14:26:39.464000,311.71
2025-05-07T14:26:34.457000,670.09
2025-05-07T14:26:29.452000,524.95
2025-05-07T14:26:24.447000,850.58
2025-05-07T14:26:19.444000,414.15
2025-05-07T14:26:14.438000,896.85
2025-05-07T14:26:09.432000,641.6
2025-05-07T14:26:04.426000,682.52
2025-05-07T14:25:59.422000,628.17
2025-05-07T14:25:54.421000,272.06
2025-05-07T14:25:49.416000,241.04
2025-05-07T14:25:44.412000,756.19
2025-05-07T14:25:39.408000,857.45
2025-05-07T14:25:34.401000,699.88
2025-05-07T14:25:29.395000,242.85
2025-05-07T14:25:24.391000,739.52
2025-05-07T14:25:19.386000,703.83
2025-05-07T14:25:14.382000,446.92
2025-05-07T14:25:09.377000,224.07
2025-05-07T14:25:04.372000,471.89
2025-05-07T14:24:59.368000,885.17
2025-05-07T14:24:54.364000,799.82
2025-05-07T14:24:49.361000,894.27
2025-05-07T14:24:44.356000,796.66
2025-05-07T14:24:39.351000,222.73
2025-05-07T14:24:34.344000,941.54
2025-05-07T14:24:29.339000,498.22
2025-05-07T14:24:24.334000,844.32
2025-05-07T14:24:19.329000,304.61
2025-05-07T14:24:14.324000,798.45
2025-05-07T14:24:09.320000,776.86
2025-05-07T14:24:04.315000,853.21
2025-05-07T14:23:59.311000,575.17
2025-05-07T14:23:54.306000,754.7
2025-05-07T14:23:49.304000,962.16
2025-05-07T14:23:44.300000,212.37
2025-05-07T14:23:39.295000,644.03
2025-05-07T14:23:34.292000,447.06
2025-05-07T14:23:29.254000,564.35
2025-05-07T14:23:24.246000,259.62
2025-05-07T14:23:19.244000,892.68
2025-05-07T14:23:14.240000,992.03
2025-05-07T14:23:09.235000,794.13
2025-05-07T14:23:04.229000,947.19
2025-05-07T14:22:59.226000,349.44
2025-05-07T14:22:54.222000,503.9
2025-05-07T14:22:49.219000,476.74
2025-05-07T14:22:44.215000,807.33
2025-05-07T14:22:39.207000,470.86
2025-05-07T14:22:34.195000,820.41
2025-05-07T14:22:29.192000,773.42
2025-05-07T14:22:24.188000,908.11
2025-05-07T14:22:19.187000,249.94
2025-05-07T14:22:14.182000,441.35
2025-05-07T14:22:09.178000,265.25
2025-05-07T14:22:04.174000,446.1
2025-05-07T14:21:59.169000,766.39
2025-05-07T14:21:54.164000,219.3
2025-05-07T14:21:49.161000,888.2
2025-05-07T14:21:44.157000,454.58
2025-05-07T14:21:39.153000,277.36
2025-05-07T14:21:34.148000,896.65
2025-05-07T14:21:29.144000,815.22
2025-05-07T14:21:24.137000,493.02
2025-05-07T14:21:19.132000,555.8
2025-05-07T14:21:14.128000,858.18
2025-05-07T14:21:09.125000,244.71
2025-05-07T14:21:04.120000,899.67
2025-05-07T14:20:59.115000,843.93
2025-05-07T14:20:54.112000,425.23
2025-05-07T14:20:49.110000,606.51
2025-05-07T14:20:44.105000,426.28
2025-05-07T14:20:39.101000,400.75
2025-05-07T14:20:34.098000,553.67
2025-05-07T14:20:29.094000,849.88
2025-05-07T14:20:24.090000,542.18
2025-05-07T14:20:19.088000,340.85
2025-05-07T14:20:14.084000,494.04
2025-05-07T14:20:09.080000,631.49
2025-05-07T14:20:04.076000,416.14
2025-05-07T14:19:59.071000,299.48
2025-05-07T14:19:54.066000,777.93
2025-05-07T14:19:49.063000,574.18
2025-05-07T14:19:44.057000,675.27
2025-05-07T14:19:39.053000,228.94
2025-05-07T14:19:34.049000,349.03
2025-05-07T14:19:29.045000,834.24
2025-05-07T14:19:24.041000,425.23
2025-05-07T14:19:19.037000,839.34
2025-05-07T14:19:14.034000,368.03
2025-05-07T14:19:09.028000,978.14
2025-05-07T14:19:04.023000,742.22
2025-05-07T14:18:59.019000,389.69
2025-05-07T14:18:54.016000,587.4
2025-05-07T14:18:49.014000,202.52
2025-05-07T14:18:44.010000,368.45
2025-05-07T14:18:39.006000,960.65
2025-05-07T14:18:34.001000,435.95
2025-05-07T14:18:28.998000,393.78
2025-05-07T14:18:23.994000,710.74
2025-05-07T14:18:18.991000,540.6
2025-05-07T14:18:13.986000,544.19
2025-05-07T14:18:08.981000,762.6
2025-05-07T14:18:03.978000,483.8
2025-05-07T14:17:58.975000,532.58
2025-05-07T14:17:53.970000,946.13
2025-05-07T14:17:48.969000,508.39
2025-05-07T14:17:43.965000,676.52
2025-05-07T14:17:38.962000,552.61
2025-05-07T14:17:33.958000,500.78
2025-05-07T14:17:28.954000,636.18
2025-05-07T14:17:23.950000,567.72
2025-05-07T14:17:18.947000,920.03
2025-05-07T14:17:13.939000,497.95
2025-05-07T14:17:08.934000,364.26
2025-05-07T14:17:03.929000,845.77
2025-05-07T14:16:58.924000,363.38
2025-05-07T14:16:53.919000,920.72
2025-05-07T14:16:48.918000,250.31
2025-05-07T14:16:43.912000,219.43
2025-05-07T14:16:38.909000,883.59
2025-05-07T14:16:33.905000,511.52
2025-05-07T14:16:28.902000,415.43
2025-05-07T14:16:23.892000,630.66
2025-05-07T14:16:18.890000,599.19
2025-05-07T14:16:13.886000,230.29
2025-05-07T14:16:08.882000,336.54
2025-05-07T14:16:03.878000,637.87
2025-05-07T14:15:58.874000,226.6
2025-05-07T14:15:53.870000,633.99
2025-05-07T14:15:48.868000,365.33
2025-05-07T14:15:43.864000,298.12
2025-05-07T14:15:38.860000,805.03
2025-05-07T14:15:33.857000,750.84
2025-05-07T14:15:28.853000,368.88
2025-05-07T14:15:23.849000,422.2
2025-05-07T14:15:18.847000,985.79
2025-05-07T14:15:13.843000,502.55
2025-05-07T14:15:08.839000,533.9
2025-05-07T14:15:03.834000,548.16
2025-05-07T14:14:58.830000,231.52
2025-05-07T14:14:53.826000,680.52
2025-05-07T14:14:48.825000,598.31
2025-05-07T14:14:43.820000,339.31
2025-05-07T14:14:38.816000,322.29
2025-05-07T14:14:33.810000,900.84
2025-05-07T14:14:28.802000,478.47
2025-05-07T14:14:23.796000,213.64
2025-05-07T14:14:18.793000,471.86
2025-05-07T14:14:13.789000,386.45
2025-05-07T14:14:08.784000,371.96
2025-05-07T14:14:03.780000,926.76
2025-05-07T14:13:58.775000,589.52
2025-05-07T14:13:53.772000,279.45
2025-05-07T14:13:48.769000,918.91
2025-05-07T14:13:43.765000,211.13
2025-05-07T14:13:38.761000,543.96
2025-05-07T14:13:33.758000,420.37
2025-05-07T14:13:28.753000,777.77
2025-05-07T14:13:23.750000,546.74
2025-05-07T14:13:18.748000,555.31
2025-05-07T14:13:13.744000,322.43
2025-05-07T14:13:08.740000,400.09
2025-05-07T14:13:03.736000,650.87
2025-05-07T14:12:58.732000,566.9
2025-05-07T14:12:53.728000,989.78
2025-05-07T14:12:48.726000,673.81
2025-05-07T14:12:43.722000,304.08
2025-05-07T14:12:38.719000,277.04
2025-05-07T14:12:33.715000,403.59
2025-05-07T14:12:28.711000,205.19
2025-05-07T14:12:23.707000,737.41
2025-05-07T14:12:18.704000,893.16
2025-05-07T14:12:13.701000,576.6
2025-05-07T14:12:08.698000,372.11
2025-05-07T14:12:03.694000,806.92
2025-05-07T14:11:58.691000,601.07
2025-05-07T14:11:53.687000,212.48
2025-05-07T14:11:48.685000,460.98
2025-05-07T14:11:43.682000,694.48
2025-05-07T14:11:38.678000,415.78
2025-05-07T14:11:33.674000,913.79
2025-05-07T14:11:28.669000,946.6
2025-05-07T14:11:23.665000,379.34
2025-05-07T14:11:18.662000,543.82
2025-05-07T14:11:13.654000,754.23
2025-05-07T14:11:08.650000,743.58
2025-05-07T14:11:03.647000,578.2
2025-05-07T14:10:58.643000,913.25
2025-05-07T14:10:53.640000,839.63
2025-05-07T14:10:48.637000,483.89
2025-05-07T14:10:43.633000,307.8
2025-05-07T14:10:38.629000,277.43
2025-05-07T14:10:33.624000,335.92
2025-05-07T14:10:28.619000,631.38
2025-05-07T14:10:23.610000,664.15
2025-05-07T14:10:18.609000,407.6
2025-05-07T14:10:13.605000,487.55
2025-05-07T14:10:08.601000,827.12
2025-05-07T14:10:03.595000,405.19
2025-05-07T14:09:58.591000,211.6
2025-05-07T14:09:53.562000,789.72
2025-05-07T14:09:48.559000,765.8
2025-05-07T14:09:43.555000,537.28
2025-05-07T14:09:38.551000,903.72
2025-05-07T14:09:33.546000,767.42
2025-05-07T14:09:28.541000,458.43
2025-05-07T14:09:23.531000,222.44
2025-05-07T14:09:18.531000,490.08
2025-05-07T14:09:13.527000,956.79
2025-05-07T14:09:08.522000,877.62
2025-05-07T14:09:03.517000,483.39
2025-05-07T14:08:58.512000,501.1
2025-05-07T14:08:53.508000,405.24
2025-05-07T14:08:48.504000,877.12
2025-05-07T14:08:43.498000,706.12
2025-05-07T14:08:38.492000,870.04
2025-05-07T14:08:33.485000,714.61
2025-05-07T14:08:28.480000,349.96
2025-05-07T14:08:23.475000,826.98
2025-05-07T14:08:18.472000,860.02
2025-05-07T14:08:13.464000,766.93
2025-05-07T14:08:08.458000,434.7
2025-05-07T14:08:03.454000,750.99
2025-05-07T14:07:58.450000,828.44
2025-05-07T14:07:53.428000,709.12
2025-05-07T14:07:48.425000,743.01
2025-05-07T14:07:43.422000,994.84
2025-05-07T14:07:38.417000,291.45
2025-05-07T14:07:33.410000,528.43
2025-05-07T14:07:28.405000,404.16
2025-05-07T14:07:23.399000,787.37
2025-05-07T14:07:18.398000,305.83
2025-05-07T14:07:13.394000,602.5
2025-05-07T14:07:08.386000,832.36
2025-05-07T14:07:03.382000,627.6
2025-05-07T14:06:58.378000,580.53
2025-05-07T14:06:53.372000,208.02
2025-05-07T14:06:48.369000,466.12
2025-05-07T14:06:43.363000,716.51
2025-05-07T14:06:38.358000,275.53
2025-05-07T14:06:33.354000,689.83
2025-05-07T14:06:28.347000,346.62
2025-05-07T14:06:23.344000,469.66
2025-05-07T14:06:18.341000,423.81
2025-05-07T14:06:13.337000,277.54
2025-05-07T14:06:08.333000,773.4
2025-05-07T14:06:03.327000,745.59
2025-05-07T14:05:58.323000,330.62
2025-05-07T14:05:53.320000,407.97
2025-05-07T14:05:48.316000,261.07
2025-05-07T14:05:43.313000,495.35
2025-05-07T14:05:38.308000,583.66
2025-05-07T14:05:33.303000,981.64
2025-05-07T14:05:28.293000,717.27
2025-05-07T14:05:23.288000,861.86
2025-05-07T14:05:18.285000,851.97
2025-05-07T14:05:13.281000,646.98
2025-05-07T14:05:08.277000,669.78
2025-05-07T14:05:03.273000,407.15
2025-05-07T14:04:58.269000,853.48
2025-05-07T14:04:53.266000,334.25
2025-05-07T14:04:48.263000,609.37
2025-05-07T14:04:43.259000,401.6
2025-05-07T14:04:38.254000,474.89
2025-05-07T14:04:33.250000,956.08
2025-05-07T14:04:28.247000,474.71
2025-05-07T14:04:23.243000,867.06
2025-05-07T14:04:18.239000,375.54
2025-05-07T14:04:13.235000,872.57
2025-05-07T14:04:08.229000,391.2
2025-05-07T14:04:03.225000,712.38
2025-05-07T14:03:58.221000,935.96
2025-05-07T14:03:53.217000,884.74
2025-05-07T14:03:48.215000,963.82
2025-05-07T14:03:43.211000,924.77
2025-05-07T14:03:38.207000,435.73
2025-05-07T14:03:33.202000,687.82
2025-05-07T14:03:28.198000,800.3
2025-05-07T14:03:23.195000,339.08
2025-05-07T14:03:18.192000,202.88
2025-05-07T14:03:13.188000,363.13
2025-05-07T14:03:08.183000,997.24
2025-05-07T14:03:03.177000,557.79
2025-05-07T14:02:58.173000,265.63
2025-05-07T14:02:53.168000,386.34
2025-05-07T14:02:48.166000,934.86
2025-05-07T14:02:43.161000,591.61
2025-05-07T14:02:38.153000,630.84
2025-05-07T14:02:33.148000,207.55
2025-05-07T14:02:28.144000,304.66
2025-05-07T14:02:23.139000,661.4
2025-05-07T14:02:18.136000,406.6
2025-05-07T14:02:13.127000,703.98
2025-05-07T14:02:08.121000,820.49
2025-05-07T14:02:03.115000,230.25
2025-05-07T14:01:58.077000,770.48
2025-05-07T14:01:53.066000,809.89
2025-05-07T14:01:48.061000,810.72
2025-05-07T14:01:43.036000,285.3
2025-05-07T14:01:38.027000,293.72
2025-05-07T14:01:33.021000,631.55
2025-05-07T14:01:28.016000,578.49
2025-05-07T14:01:23.005000,340.38
2025-05-07T14:01:18.001000,627.52
2025-05-07T14:01:12.995000,517.41
2025-05-07T14:01:07.989000,760.41
2025-05-07T14:01:02.983000,587.78
2025-05-07T14:00:57.974000,704.75
2025-05-07T14:00:52.968000,428.55
2025-05-07T14:00:47.957000,919.58
2025-05-07T14:00:42.952000,910.84
2025-05-07T14:00:37.947000,220.08
2025-05-07T14:00:32.943000,225.8
2025-05-07T14:00:27.936000,424.29
2025-05-07T14:00:22.923000,520.58
2025-05-07T14:00:17.920000,512.32
2025-05-07T14:00:12.915000,674.61
2025-05-07T14:00:07.908000,593.4
2025-05-07T14:00:02.900000,739.22
2025-05-07T13:59:57.896000,276.93
2025-05-07T13:59:52.891000,867.02
2025-05-07T13:59:47.886000,597.06
2025-05-07T13:59:42.881000,239.0
2025-05-07T13:59:37.876000,605.53
2025-05-07T13:59:32.867000,570.36
2025-05-07T13:59:27.861000,737.45
2025-05-07T13:59:22.855000,757.79
2025-05-07T13:59:17.851000,535.11
2025-05-07T13:59:12.845000,659.89
2025-05-07T13:59:07.841000,875.58
2025-05-07T13:59:02.836000,812.5
2025-05-07T13:58:57.830000,814.53
2025-05-07T13:58:52.823000,951.8
2025-05-07T13:58:47.819000,893.34
2025-05-07T13:58:42.815000,521.67
2025-05-07T13:58:37.810000,765.08
2025-05-07T13:58:32.805000,981.38
2025-05-07T13:58:27.802000,827.23
2025-05-07T13:58:22.797000,949.22
2025-05-07T13:58:17.795000,831.23
2025-05-07T13:58:12.790000,645.79
2025-05-07T13:58:07.785000,331.92
2025-05-07T13:58:02.780000,600.97
2025-05-07T13:57:57.775000,304.01
2025-05-07T13:57:52.770000,938.85
2025-05-07T13:57:47.767000,946.6
2025-05-07T13:57:42.760000,572.38
2025-05-07T13:57:37.752000,734.06
2025-05-07T13:57:32.746000,712.66
2025-05-07T13:57:27.740000,224.05
2025-05-07T13:57:22.734000,320.86
2025-05-07T13:57:17.731000,747.25
2025-05-07T13:57:12.725000,718.45
2025-05-07T13:57:07.721000,691.74
2025-05-07T13:57:02.716000,689.69
2025-05-07T13:56:57.708000,561.16
2025-05-07T13:56:52.699000,994.9
2025-05-07T13:56:47.696000,566.93
2025-05-07T13:56:42.684000,366.57
2025-05-07T13:56:37.678000,781.92
2025-05-07T13:56:32.672000,260.28
2025-05-07T13:56:27.666000,472.16
2025-05-07T13:56:22.663000,988.1
2025-05-07T13:56:17.662000,966.07
2025-05-07T13:56:12.655000,869.71
2025-05-07T13:56:07.650000,311.04
2025-05-07T13:56:02.644000,907.31
2025-05-07T13:55:57.637000,249.92
2025-05-07T13:55:52.630000,921.34
2025-05-07T13:55:47.627000,470.59
2025-05-07T13:55:42.616000,571.48
2025-05-07T13:55:37.611000,318.34
2025-05-07T13:55:32.604000,921.65
2025-05-07T13:55:27.598000,413.02
2025-05-07T13:55:22.591000,996.35
2025-05-07T13:55:17.588000,560.59
2025-05-07T13:55:12.583000,846.24
2025-05-07T13:55:07.577000,403.4
2025-05-07T13:55:02.571000,578.72
2025-05-07T13:54:57.567000,818.68
2025-05-07T13:54:52.560000,986.97
2025-05-07T13:54:47.558000,952.06
2025-05-07T13:54:42.553000,223.04
2025-05-07T13:54:37.548000,639.17
2025-05-07T13:54:32.541000,203.25
2025-05-07T13:54:27.535000,965.57
2025-05-07T13:54:22.530000,470.71
2025-05-07T13:54:17.526000,542.16
2025-05-07T13:54:12.522000,405.47
2025-05-07T13:54:07.517000,352.56
2025-05-07T13:54:02.511000,496.36
2025-05-07T13:53:57.506000,498.45
2025-05-07T13:53:52.500000,520.64
2025-05-07T13:53:47.495000,425.65
2025-05-07T13:53:42.477000,649.63
2025-05-07T13:53:37.472000,959.27
2025-05-07T13:53:32.465000,568.77
2025-05-07T13:53:27.459000,921.77
2025-05-07T13:53:22.455000,687.92
2025-05-07T13:53:17.453000,521.61
2025-05-07T13:53:12.447000,883.17
2025-05-07T13:53:07.439000,337.96
2025-05-07T13:53:02.434000,495.83
2025-05-07T13:52:57.430000,858.54
2025-05-07T13:52:52.424000,426.62
2025-05-07T13:52:47.422000,830.68
2025-05-07T13:52:42.413000,551.94
2025-05-07T13:52:37.404000,407.7
2025-05-07T13:52:32.383000,271.5
2025-05-07T13:52:27.369000,387.38
2025-05-07T13:52:22.361000,957.88
2025-05-07T13:52:17.359000,732.82
2025-05-07T13:52:12.355000,991.54
2025-05-07T13:52:07.348000,379.63
2025-05-07T13:52:02.342000,675.4
2025-05-07T13:51:57.335000,605.1
2025-05-07T13:51:52.331000,543.72
2025-05-07T13:51:47.322000,200.54
2025-05-07T13:51:42.313000,667.2
2025-05-07T13:51:37.307000,565.65
2025-05-07T13:51:32.303000,608.32
2025-05-07T13:51:27.295000,242.28
2025-05-07T13:51:22.292000,930.62
2025-05-07T13:51:17.286000,998.96
2025-05-07T13:51:12.280000,393.16
2025-05-07T13:51:07.272000,455.97
2025-05-07T13:51:02.265000,587.3
2025-05-07T13:50:57.257000,610.57
2025-05-07T13:50:52.255000,736.11
2025-05-07T13:50:47.250000,208.1
2025-05-07T13:50:42.244000,604.4
2025-05-07T13:50:37.239000,463.67
2025-05-07T13:50:32.233000,373.05
2025-05-07T13:50:27.218000,864.3
2025-05-07T13:50:22.212000,853.8
2025-05-07T13:50:17.206000,773.66
2025-05-07T13:50:12.199000,721.78
2025-05-07T13:50:07.195000,399.07
2025-05-07T13:50:02.191000,204.11
2025-05-07T13:49:57.184000,963.12
2025-05-07T13:49:52.183000,285.91
2025-05-07T13:49:47.176000,686.97
2025-05-07T13:49:42.170000,216.16
2025-05-07T13:49:37.165000,656.88
2025-05-07T13:49:32.159000,754.5
2025-05-07T13:49:27.152000,218.13
2025-05-07T13:49:22.145000,860.32
2025-05-07T13:49:17.126000,455.84
2025-05-07T13:49:12.118000,562.23
2025-05-07T13:49:07.115000,631.38
2025-05-07T13:49:02.096000,533.87
2025-05-07T13:48:57.083000,420.76
2025-05-07T13:48:52.041000,771.46
2025-05-07T13:48:47.029000,732.6
2025-05-07T13:48:42.023000,984.15
2025-05-07T13:48:37.016000,667.35
2025-05-07T13:48:32.011000,875.06
2025-05-07T13:48:27.006000,336.13
2025-05-07T13:48:22.003000,686.23
2025-05-07T13:48:16.997000,602.44
2025-05-07T13:48:11.992000,769.61
2025-05-07T13:48:06.984000,273.25
2025-05-07T13:48:01.924000,377.35
2025-05-07T13:47:57.355000,683.98
2025-05-06T22:23:55.593000,336.32
2025-05-06T22:23:50.999000,443.07
2025-05-06T22:23:46.186000,368.09
2025-05-06T22:23:41.182000,274.79
2025-05-06T22:23:36.179000,328.93
2025-05-06T22:23:31.176000,570.62
2025-05-06T22:23:26.170000,616.75
2025-05-06T22:23:21.166000,424.44
2025-05-06T22:23:16.161000,469.11
2025-05-06T22:23:11.157000,821.72
2025-05-06T22:23:06.154000,824.12
2025-05-06T22:23:01.149000,656.29
2025-05-06T22:22:56.145000,942.51
2025-05-06T22:22:51.140000,405.29
2025-05-06T22:22:46.136000,771.73
2025-05-06T22:22:41.131000,496.64
2025-05-06T22:22:36.130000,625.34
2025-05-06T22:22:31.124000,276.65
2025-05-06T22:22:26.119000,551.28
2025-05-06T22:22:21.115000,639.75
2025-05-06T22:22:16.111000,696.52
2025-05-06T22:22:11.107000,829.81
2025-05-06T22:22:06.106000,825.37
2025-05-06T22:22:01.102000,841.61
2025-05-06T22:21:56.098000,456.78
2025-05-06T22:21:51.093000,290.52
2025-05-06T22:21:46.089000,993.5
2025-05-06T22:21:41.085000,615.34
2025-05-06T22:21:36.083000,404.06
2025-05-06T22:21:31.078000,562.69
2025-05-06T22:21:26.073000,804.48
2025-05-06T22:21:21.068000,938.24
2025-05-06T22:21:16.063000,844.09
2025-05-06T22:21:11.058000,641.32
2025-05-06T22:21:06.056000,390.55
2025-05-06T22:21:01.052000,494.65
2025-05-06T22:20:56.048000,539.3
2025-05-06T22:20:51.044000,267.28
2025-05-06T22:20:46.039000,661.84
2025-05-06T22:20:41.033000,602.67
2025-05-06T22:20:36.031000,237.91
2025-05-06T22:20:31.025000,529.73
2025-05-06T22:20:26.021000,427.29
2025-05-06T22:20:21.017000,843.66
2025-05-06T22:20:16.519000,864.93
2025-05-06T22:20:11.008000,279.96
2025-05-06T22:20:06.005000,836.44
2025-05-06T22:20:01.001000,678.63
2025-05-06T22:19:55.997000,676.58
2025-05-06T22:19:50.992000,343.4
2025-05-06T22:19:45.987000,763.24
2025-05-06T22:19:40.981000,651.02
2025-05-06T22:19:35.979000,663.21
2025-05-06T22:19:30.974000,458.57
2025-05-06T22:19:25.969000,431.42
2025-05-06T22:19:20.964000,249.27
2025-05-06T22:19:15.960000,513.92
2025-05-06T22:19:10.956000,450.39
2025-05-06T22:19:05.955000,534.02
2025-05-06T22:19:00.948000,368.33
2025-05-06T22:18:55.944000,519.39
2025-05-06T22:18:50.941000,755.36
2025-05-06T22:18:45.935000,743.85
2025-05-06T22:18:40.931000,643.53
2025-05-06T22:18:35.930000,285.42
2025-05-06T22:18:30.927000,993.98
2025-05-06T22:18:25.923000,524.18
2025-05-06T22:18:20.919000,922.9
2025-05-06T22:18:15.913000,827.36
2025-05-06T22:18:10.909000,248.48
2025-05-06T22:18:05.906000,386.31
2025-05-06T22:18:00.901000,222.66
2025-05-06T22:17:55.897000,480.25
2025-05-06T22:17:50.892000,462.57
2025-05-06T22:17:45.888000,637.1
2025-05-06T22:17:40.885000,880.43
2025-05-06T22:17:35.884000,900.47
2025-05-06T22:17:30.881000,882.45
2025-05-06T22:17:25.875000,246.64
2025-05-06T22:17:20.872000,387.11
2025-05-06T22:17:15.867000,237.28
2025-05-06T22:17:10.862000,849.69
2025-05-06T22:17:05.860000,637.56
2025-05-06T22:17:00.854000,322.82
2025-05-06T22:16:55.849000,601.29
2025-05-06T22:16:50.845000,446.62
2025-05-06T22:16:45.841000,970.61
2025-05-06T22:16:40.838000,806.54
2025-05-06T22:16:35.837000,537.28
2025-05-06T22:16:30.831000,833.44
2025-05-06T22:16:25.827000,430.41
2025-05-06T22:16:20.822000,577.7
2025-05-06T22:16:15.818000,405.84
2025-05-06T22:16:10.813000,774.81
2025-05-06T22:16:05.810000,578.39
2025-05-06T22:16:00.806000,213.56
2025-05-06T22:15:55.803000,398.99
2025-05-06T22:15:50.799000,783.85
2025-05-06T22:15:45.794000,283.8
2025-05-06T22:15:40.789000,865.57
2025-05-06T22:15:35.788000,570.34
2025-05-06T22:15:30.784000,702.87
2025-05-06T22:15:25.780000,253.14
2025-05-06T22:15:20.776000,955.26
2025-05-06T22:15:15.777000,780.67
2025-05-06T22:15:10.769000,924.57
2025-05-06T22:15:05.768000,446.06
2025-05-06T22:15:00.765000,532.71
2025-05-06T22:14:55.755000,473.38
2025-05-06T22:14:50.749000,445.67
2025-05-06T22:14:45.736000,421.37
2025-05-06T22:14:40.732000,417.38
2025-05-06T22:14:35.730000,233.45
2025-05-06T22:14:30.724000,534.91
2025-05-06T22:14:25.717000,724.37
2025-05-06T22:14:20.713000,624.44
2025-05-06T22:14:15.708000,739.11
2025-05-06T22:14:10.703000,563.61
2025-05-06T22:14:05.704000,466.16
2025-05-06T22:14:00.701000,794.52
2025-05-06T22:13:55.696000,849.18
2025-05-06T22:13:50.693000,478.52
2025-05-06T22:13:45.689000,918.24
2025-05-06T22:13:40.686000,548.52
2025-05-06T22:13:35.685000,742.14
2025-05-06T22:13:30.682000,461.35
2025-05-06T22:13:25.678000,709.97
2025-05-06T22:13:20.677000,527.58
2025-05-06T22:13:15.672000,207.45
2025-05-06T22:13:10.668000,853.8
2025-05-06T22:13:05.666000,846.8
2025-05-06T22:13:00.663000,856.82
2025-05-06T22:12:55.659000,754.58
2025-05-06T22:12:50.654000,497.81
2025-05-06T22:12:45.651000,988.53
2025-05-06T22:12:40.646000,931.28
2025-05-06T22:12:35.644000,564.41
2025-05-06T22:12:30.638000,227.85
2025-05-06T22:12:25.635000,357.59
2025-05-06T22:12:20.632000,675.94
2025-05-06T22:12:15.629000,840.06
2025-05-06T22:12:10.626000,800.28
2025-05-06T22:12:05.624000,518.61
2025-05-06T22:12:00.620000,576.86
2025-05-06T22:11:55.617000,414.39
2025-05-06T22:11:50.614000,307.93
2025-05-06T22:11:45.610000,870.51
2025-05-06T22:11:40.606000,461.76
2025-05-06T22:11:35.607000,794.81
2025-05-06T22:11:30.602000,597.7
2025-05-06T22:11:25.598000,726.67
2025-05-06T22:11:20.594000,309.41
2025-05-06T22:11:15.592000,241.23
2025-05-06T22:11:10.587000,538.65
2025-05-06T22:11:05.584000,723.4
2025-05-06T22:11:00.581000,750.18
2025-05-06T22:10:55.577000,929.54
2025-05-06T22:10:50.571000,672.65
2025-05-06T22:10:45.568000,696.86
2025-05-06T22:10:40.564000,965.97
2025-05-06T22:10:35.564000,406.51
2025-05-06T22:10:30.560000,925.63
2025-05-06T22:10:25.557000,237.05
2025-05-06T22:10:20.553000,706.02
2025-05-06T22:10:15.549000,316.4
2025-05-06T22:10:10.545000,364.54
2025-05-06T22:10:05.544000,851.62
2025-05-06T22:10:00.539000,649.91
2025-05-06T22:09:55.536000,648.61
2025-05-06T22:09:50.533000,585.13
2025-05-06T22:09:45.531000,246.5
2025-05-06T22:09:40.525000,496.29
2025-05-06T22:09:35.523000,922.88
2025-05-06T22:09:30.519000,491.91
2025-05-06T22:09:25.517000,788.51
2025-05-06T22:09:20.513000,848.93
2025-05-06T22:09:15.511000,657.53
2025-05-06T22:09:10.506000,620.75
2025-05-06T22:09:05.504000,277.81
2025-05-06T22:09:00.501000,440.92
2025-05-06T22:08:55.496000,706.26
2025-05-06T22:08:50.492000,822.27
2025-05-06T22:08:45.489000,438.05
2025-05-06T22:08:40.485000,281.08
2025-05-06T22:08:35.481000,263.67
2025-05-06T22:08:30.477000,414.35
2025-05-06T22:08:25.470000,868.34
2025-05-06T22:08:20.468000,964.69
2025-05-06T22:08:15.464000,364.89
2025-05-06T22:08:10.461000,487.26
2025-05-06T22:08:05.462000,677.95
2025-05-06T22:08:00.457000,225.43
2025-05-06T22:07:55.453000,563.23
2025-05-06T22:07:50.449000,333.04
2025-05-06T22:07:45.443000,823.6
2025-05-06T22:07:40.439000,939.0
2025-05-06T22:07:35.436000,550.9
2025-05-06T22:07:30.432000,990.17
2025-05-06T22:07:25.428000,914.95
2025-05-06T22:07:20.424000,654.69
2025-05-06T22:07:15.432000,916.97
2025-05-06T22:07:10.418000,479.02
2025-05-06T22:07:05.416000,814.57
2025-05-06T22:07:00.412000,886.67
2025-05-06T22:06:55.409000,491.17
2025-05-06T22:06:50.403000,311.49
2025-05-06T22:06:45.400000,514.12
2025-05-06T22:06:40.396000,497.4
2025-05-06T22:06:35.394000,661.97
2025-05-06T22:06:30.391000,497.6
2025-05-06T22:06:25.387000,715.04
2025-05-06T22:06:20.384000,715.32
2025-05-06T22:06:15.380000,599.09
2025-05-06T22:06:10.376000,371.33
2025-05-06T22:06:05.373000,252.47
2025-05-06T22:06:00.370000,921.61
2025-05-06T22:05:55.365000,955.98
2025-05-06T22:05:50.362000,811.98
2025-05-06T22:05:45.356000,662.76
2025-05-06T22:05:40.353000,258.69
2025-05-06T22:05:35.350000,656.39
2025-05-06T22:05:30.345000,482.4
2025-05-06T22:05:25.341000,298.57
2025-05-06T22:05:20.337000,202.03
2025-05-06T22:05:15.322000,566.45
2025-05-06T22:05:10.305000,598.21
2025-05-06T22:05:05.303000,373.18
2025-05-06T22:05:00.299000,230.71
2025-05-06T22:04:55.293000,902.24
2025-05-06T22:04:50.288000,439.14
2025-05-06T22:04:45.284000,426.33
2025-05-06T22:04:40.279000,436.55
2025-05-06T22:04:35.277000,984.7
2025-05-06T22:04:30.272000,667.24
2025-05-06T22:04:25.267000,549.57
2025-05-06T22:04:20.263000,803.8
2025-05-06T22:04:15.239000,441.19
2025-05-06T22:04:10.232000,931.95
2025-05-06T22:04:05.230000,225.81
2025-05-06T22:04:00.218000,994.77
2025-05-06T22:03:55.211000,652.48
2025-05-06T22:03:50.207000,916.26
2025-05-06T22:03:45.202000,477.19
2025-05-06T22:03:40.197000,372.42
2025-05-06T22:03:35.195000,354.83
2025-05-06T22:03:30.189000,664.0
2025-05-06T22:03:25.185000,509.92
2025-05-06T22:03:20.181000,311.24
2025-05-06T22:03:15.182000,520.07
2025-05-06T22:03:10.173000,982.94
2025-05-06T22:03:05.171000,352.06
2025-05-06T22:03:00.167000,575.51
2025-05-06T22:02:55.163000,529.13
2025-05-06T22:02:50.159000,658.44
2025-05-06T22:02:45.156000,800.76
2025-05-06T22:02:40.152000,964.59
2025-05-06T22:02:35.150000,716.03
2025-05-06T22:02:30.143000,830.62
2025-05-06T22:02:25.138000,624.55
2025-05-06T22:02:20.133000,960.07
2025-05-06T22:02:15.129000,489.15
2025-05-06T22:02:10.125000,425.88
2025-05-06T22:02:05.115000,488.59
2025-05-06T22:02:00.110000,257.33
2025-05-06T22:01:55.106000,453.3
2025-05-06T22:01:50.102000,985.92
2025-05-06T22:01:45.091000,881.88
2025-05-06T22:01:40.079000,774.82
2025-05-06T22:01:35.086000,409.05
2025-05-06T22:01:30.081000,584.82
2025-05-06T22:01:25.073000,802.48
2025-05-06T22:01:20.068000,254.27
2025-05-06T22:01:15.064000,894.77
2025-05-06T22:01:10.060000,739.0
2025-05-06T22:01:05.055000,374.26
2025-05-06T22:01:00.038000,396.96
2025-05-06T22:00:55.033000,513.26
2025-05-06T22:00:50.029000,610.77
2025-05-06T22:00:45.025000,523.19
2025-05-06T22:00:40.020000,936.98
2025-05-06T22:00:35.018000,584.01
2025-05-06T22:00:30.010000,403.54
2025-05-06T22:00:24.988000,351.33
2025-05-06T22:00:19.984000,977.86
2025-05-06T22:00:14.978000,473.13
2025-05-06T22:00:09.974000,286.12
2025-05-06T22:00:04.970000,419.3
2025-05-06T21:59:59.965000,907.44
2025-05-06T21:59:54.959000,365.62
2025-05-06T21:59:49.955000,909.63
2025-05-06T21:59:44.948000,415.19
2025-05-06T21:59:39.945000,352.5
2025-05-06T21:59:34.942000,331.75
2025-05-06T21:59:29.936000,414.27
2025-05-06T21:59:24.931000,508.15
2025-05-06T21:59:19.925000,839.37
2025-05-06T21:59:14.925000,868.03
2025-05-06T21:59:09.916000,825.61
2025-05-06T21:59:04.915000,670.77
2025-05-06T21:58:59.910000,610.91
2025-05-06T21:58:54.906000,996.61
2025-05-06T21:58:49.902000,462.32
2025-05-06T21:58:44.889000,442.89
2025-05-06T21:58:39.884000,275.86
2025-05-06T21:58:34.881000,335.06
2025-05-06T21:58:29.877000,989.01
2025-05-06T21:58:24.854000,997.21
2025-05-06T21:58:19.848000,585.87
2025-05-06T21:58:14.844000,713.74
2025-05-06T21:58:09.840000,997.06
2025-05-06T21:58:04.839000,690.19
2025-05-06T21:57:59.834000,347.85
2025-05-06T21:57:54.828000,459.63
2025-05-06T21:57:49.823000,620.21
2025-05-06T21:57:44.819000,374.15
2025-05-06T21:57:39.814000,833.3
2025-05-06T21:57:34.810000,412.38
2025-05-06T21:57:29.805000,962.35
2025-05-06T21:57:24.800000,294.13
2025-05-06T21:57:19.796000,860.56
2025-05-06T21:57:14.796000,396.21
2025-05-06T21:57:09.787000,845.21
2025-05-06T21:57:04.787000,310.7
2025-05-06T21:56:59.778000,637.86
2025-05-06T21:56:54.766000,220.03
2025-05-06T21:56:49.761000,393.68
2025-05-06T21:56:44.756000,969.4
2025-05-06T21:56:39.751000,578.0
2025-05-06T21:56:34.745000,972.94
2025-05-06T21:56:29.738000,360.48
2025-05-06T21:56:24.734000,335.37
2025-05-06T21:56:19.730000,764.16
2025-05-06T21:56:14.726000,300.33
2025-05-06T21:56:09.721000,331.52
2025-05-06T21:56:04.716000,801.27
2025-05-06T21:55:59.711000,626.77
2025-05-06T21:55:54.707000,544.71
2025-05-06T21:55:49.703000,383.96
2025-05-06T21:55:44.699000,885.44
2025-05-06T21:55:39.694000,382.18
2025-05-06T21:55:34.691000,571.14
2025-05-06T21:55:29.687000,758.88
2025-05-06T21:55:24.682000,751.06
2025-05-06T21:55:19.677000,470.42
2025-05-06T21:55:14.665000,960.61
2025-05-06T21:55:09.658000,701.08
2025-05-06T21:55:04.657000,871.6
2025-05-06T21:54:59.653000,526.47
2025-05-06T21:54:54.648000,521.75
2025-05-06T21:54:49.644000,298.73
2025-05-06T21:54:44.624000,617.04
2025-05-06T21:54:39.595000,991.24
2025-05-06T21:54:34.591000,586.96
2025-05-06T21:54:29.585000,726.99
2025-05-06T21:54:24.577000,296.21
2025-05-06T21:54:19.572000,221.97
2025-05-06T21:54:14.568000,598.18
2025-05-06T21:54:09.565000,387.81
2025-05-06T21:54:04.559000,890.45
2025-05-06T21:53:59.554000,419.37
2025-05-06T21:53:54.550000,670.42
2025-05-06T21:53:49.545000,751.58
2025-05-06T21:53:44.541000,771.81
2025-05-06T21:53:39.537000,614.63
2025-05-06T21:53:34.579000,816.14
2025-05-06T21:53:29.528000,390.78
2025-05-06T21:53:24.523000,749.01
2025-05-06T21:53:19.518000,545.73
2025-05-06T21:53:14.514000,290.6
2025-05-06T21:53:09.510000,761.47
2025-05-06T21:53:04.503000,408.39
2025-05-06T21:52:59.498000,226.18
2025-05-06T21:52:54.494000,423.08
2025-05-06T21:52:49.490000,721.62
2025-05-06T21:52:44.488000,776.85
2025-05-06T21:52:39.484000,358.84
2025-05-06T21:52:34.480000,835.61
2025-05-06T21:52:29.476000,369.07
2025-05-06T21:52:24.471000,805.17
2025-05-06T21:52:19.465000,322.63
2025-05-06T21:52:14.460000,243.98
2025-05-06T21:52:09.460000,932.67
2025-05-06T21:52:04.455000,202.24
2025-05-06T21:51:59.450000,262.6
2025-05-06T21:51:54.444000,827.71
2025-05-06T21:51:49.437000,386.29
2025-05-06T21:51:44.413000,435.66
2025-05-06T21:51:39.411000,963.84
2025-05-06T21:51:34.407000,987.22
2025-05-06T21:51:29.384000,587.6
2025-05-06T21:51:24.377000,258.87
2025-05-06T21:51:19.336000,618.83
2025-05-06T21:51:14.303000,376.57
2025-05-06T21:51:09.297000,701.44
2025-05-06T21:51:04.293000,882.11
2025-05-06T21:50:59.289000,387.33
2025-05-06T21:50:54.284000,716.69
2025-05-06T21:50:49.280000,517.47
2025-05-06T21:50:44.275000,373.23
2025-05-06T21:50:39.273000,494.79
2025-05-06T21:50:34.269000,436.17
2025-05-06T21:50:29.264000,623.87
2025-05-06T21:50:24.258000,824.43
2025-05-06T21:50:19.252000,202.31
2025-05-06T21:50:14.247000,814.19
2025-05-06T21:50:09.245000,853.01
2025-05-06T21:50:04.242000,308.47
2025-05-06T21:49:59.238000,635.01
2025-05-06T21:49:54.233000,585.49
2025-05-06T21:49:49.227000,679.7
2025-05-06T21:49:44.222000,965.14
2025-05-06T21:49:39.220000,591.83
2025-05-06T21:49:34.215000,612.28
2025-05-06T21:49:29.211000,523.15
2025-05-06T21:49:24.206000,802.89
2025-05-06T21:49:19.202000,659.39
2025-05-06T21:49:14.197000,787.52
2025-05-06T21:49:09.194000,204.35
2025-05-06T21:49:04.189000,826.07
2025-05-06T21:48:59.185000,644.7
2025-05-06T21:48:54.179000,853.87
2025-05-06T21:48:49.174000,359.44
2025-05-06T21:48:44.165000,661.94
2025-05-06T21:48:39.164000,626.44
2025-05-06T21:48:34.156000,853.25
2025-05-06T21:48:29.149000,953.25
2025-05-06T21:48:24.142000,682.03
2025-05-06T21:48:19.134000,902.84
2025-05-06T21:48:14.127000,265.38
2025-05-06T21:48:09.125000,682.89
2025-05-06T21:48:04.120000,548.98
2025-05-06T21:47:59.114000,438.26
2025-05-06T21:47:54.110000,361.67
2025-05-06T21:47:49.101000,710.16
2025-05-06T21:47:44.096000,276.73
2025-05-06T21:47:39.094000,205.12
2025-05-06T21:47:34.089000,602.28
2025-05-06T21:47:29.085000,362.69
2025-05-06T21:47:24.080000,867.51
2025-05-06T21:47:19.077000,757.68
2025-05-06T21:47:14.072000,613.52
2025-05-06T21:47:09.070000,629.15
2025-05-06T21:47:04.066000,569.49
2025-05-06T21:46:59.062000,474.79
2025-05-06T21:46:54.057000,846.3
2025-05-06T21:46:49.052000,320.95
2025-05-06T21:46:44.048000,612.82
2025-05-06T21:46:39.046000,311.26
2025-05-06T21:46:34.042000,624.25
2025-05-06T21:46:29.038000,336.26
2025-05-06T21:46:24.035000,935.33
2025-05-06T21:46:19.031000,739.66
2025-05-06T21:46:14.027000,487.83
2025-05-06T21:46:09.025000,677.96
2025-05-06T21:46:04.019000,846.72
2025-05-06T21:45:59.014000,309.17
2025-05-06T21:45:54.009000,347.7
2025-05-06T21:45:49.004000,279.04
2025-05-06T21:45:43.999000,536.27
2025-05-06T21:45:38.997000,627.32
2025-05-06T21:45:33.991000,684.39
2025-05-06T21:45:28.986000,310.04
2025-05-06T21:45:23.983000,271.8
2025-05-06T21:45:18.978000,676.34
2025-05-06T21:45:13.975000,438.61
2025-05-06T21:45:08.970000,674.29
2025-05-06T21:45:03.966000,585.32
2025-05-06T21:44:58.960000,821.52
2025-05-06T21:44:53.956000,271.97
2025-05-06T21:44:48.947000,615.46
2025-05-06T21:44:43.916000,537.82
2025-05-06T21:44:38.912000,531.89
2025-05-06T21:44:33.903000,536.1
2025-05-06T21:44:28.892000,922.96
2025-05-06T21:44:23.888000,835.17
2025-05-06T21:44:18.884000,789.48
2025-05-06T21:44:13.884000,473.66
2025-05-06T21:44:08.837000,634.15
2025-05-06T21:44:03.829000,925.59
2025-05-06T21:43:58.822000,646.32
2025-05-06T21:43:53.818000,633.67
2025-05-06T21:43:48.812000,454.93
2025-05-06T21:43:43.808000,991.85
2025-05-06T21:43:38.807000,919.81
2025-05-06T21:43:33.804000,472.6
2025-05-06T21:43:28.800000,801.42
2025-05-06T21:43:23.798000,851.5
2025-05-06T21:43:18.785000,376.64
2025-05-06T21:43:13.709000,935.33
2025-05-06T21:43:08.706000,849.63
2025-05-06T21:43:03.700000,901.5
2025-05-06T21:42:58.694000,973.56
2025-05-06T21:42:53.687000,384.7
2025-05-06T21:42:48.680000,559.46
2025-05-06T21:42:43.675000,247.97
2025-05-06T21:42:38.673000,440.31
2025-05-06T21:42:33.668000,589.62
2025-05-06T21:42:28.664000,256.26
2025-05-06T21:42:23.660000,430.38
2025-05-06T21:42:18.654000,309.28
2025-05-06T21:42:13.650000,589.08
2025-05-06T21:42:08.648000,420.2
2025-05-06T21:42:03.643000,717.94
2025-05-06T21:41:58.639000,707.48
2025-05-06T21:41:53.635000,441.6
2025-05-06T21:41:48.631000,595.98
2025-05-06T21:41:43.627000,590.94
2025-05-06T21:41:38.625000,960.35
2025-05-06T21:41:33.612000,710.25
2025-05-06T21:41:28.606000,298.28
2025-05-06T21:41:23.599000,275.58
2025-05-06T21:41:18.595000,855.41
2025-05-06T21:41:13.589000,654.48
2025-05-06T21:41:08.586000,509.24
2025-05-06T21:41:03.582000,662.12
2025-05-06T21:40:58.577000,700.23
2025-05-06T21:40:53.570000,927.88
2025-05-06T21:40:48.566000,381.09
2025-05-06T21:40:43.562000,535.57
2025-05-06T21:40:38.560000,844.21
2025-05-06T21:40:33.555000,279.79
2025-05-06T21:40:28.551000,865.58
2025-05-06T21:40:23.532000,218.03
2025-05-06T21:40:18.522000,467.55
2025-05-06T21:40:13.515000,331.33
2025-05-06T21:40:08.511000,263.72
2025-05-06T21:40:03.505000,360.39
2025-05-06T21:39:58.500000,461.58
2025-05-06T21:39:53.496000,679.83
2025-05-06T21:39:48.489000,383.72
2025-05-06T21:39:43.481000,531.54
2025-05-06T21:39:38.476000,787.53
2025-05-06T21:39:33.471000,813.76
2025-05-06T21:39:28.465000,564.16
2025-05-06T21:39:23.461000,298.92
2025-05-06T21:39:18.455000,525.17
2025-05-06T21:39:13.444000,468.74
2025-05-06T21:39:08.440000,204.73
2025-05-06T21:39:03.433000,736.78
2025-05-06T21:38:58.427000,706.58
2025-05-06T21:38:53.422000,931.78
2025-05-06T21:38:48.418000,223.26
2025-05-06T21:38:43.413000,353.59
2025-05-06T21:38:38.411000,864.56
2025-05-06T21:38:33.406000,297.12
2025-05-06T21:38:28.400000,257.19
2025-05-06T21:38:23.381000,559.65
2025-05-06T21:38:18.372000,640.06
2025-05-06T21:38:13.358000,659.04
2025-05-06T21:38:08.352000,367.54
2025-05-06T21:38:03.337000,518.08
2025-05-06T21:37:58.330000,745.64
2025-05-06T21:37:53.325000,324.46
2025-05-06T21:37:48.317000,309.69
2025-05-06T21:37:43.309000,292.06
2025-05-06T21:37:38.302000,579.79
2025-05-06T21:37:33.279000,577.0
2025-05-06T21:37:28.262000,240.91
2025-05-06T21:37:23.251000,998.59
2025-05-06T21:37:18.245000,511.45
2025-05-06T21:37:13.246000,821.72
2025-05-06T21:37:08.237000,312.99
2025-05-06T21:37:03.234000,327.09
2025-05-06T21:36:58.229000,684.24
2025-05-06T21:36:53.224000,615.56
2025-05-06T21:36:48.210000,444.36
2025-05-06T21:36:43.201000,462.57
2025-05-06T21:36:38.194000,832.36
2025-05-06T21:36:33.189000,949.74
2025-05-06T21:36:28.183000,293.55
2025-05-06T21:36:23.178000,493.33
2025-05-06T21:36:18.171000,217.73
2025-05-06T21:36:13.165000,592.84
2025-05-06T21:36:08.162000,867.87
2025-05-06T21:36:03.156000,375.57
2025-05-06T21:35:58.152000,843.75
2025-05-06T21:35:53.147000,719.74
2025-05-06T21:35:48.142000,911.29
2025-05-06T21:35:43.133000,842.42
2025-05-06T21:35:38.126000,400.66
2025-05-06T21:35:33.111000,880.77
2025-05-06T21:35:28.107000,960.53
2025-05-06T21:35:23.101000,247.1
2025-05-06T21:35:18.095000,899.01
2025-05-06T21:35:13.080000,357.24
2025-05-06T21:35:08.069000,779.99
2025-05-06T21:35:03.061000,765.76
2025-05-06T21:34:58.052000,327.9
2025-05-06T21:34:53.043000,463.68
2025-05-06T21:34:48.027000,652.66
2025-05-06T21:34:43.003000,962.48
2025-05-06T21:34:37.997000,353.43
2025-05-06T21:34:32.966000,251.51
2025-05-06T21:34:27.959000,934.45
2025-05-06T21:34:22.955000,432.4
2025-05-06T21:34:17.950000,739.25
2025-05-06T21:34:12.943000,225.78
2025-05-06T21:34:07.943000,732.0
2025-05-06T21:34:02.937000,464.02
2025-05-06T21:33:57.931000,264.59
2025-05-06T21:33:52.920000,950.95
2025-05-06T21:33:47.911000,908.4
2025-05-06T21:33:43.521000,409.54
