timestamp,Panel_tilt
2025-05-07T15:07:41.363000,7.98
2025-05-07T15:07:36.360000,54.23
2025-05-07T15:07:31.356000,29.2
2025-05-07T15:07:26.350000,10.78
2025-05-07T15:07:21.346000,44.34
2025-05-07T15:07:16.344000,25.98
2025-05-07T15:07:11.339000,36.01
2025-05-07T15:07:06.332000,36.06
2025-05-07T15:07:01.328000,33.55
2025-05-07T15:06:56.323000,41.49
2025-05-07T15:06:51.318000,70.78
2025-05-07T15:06:46.313000,35.36
2025-05-07T15:06:41.308000,46.59
2025-05-07T15:06:36.304000,37.68
2025-05-07T15:06:31.299000,66.37
2025-05-07T15:06:26.291000,34.49
2025-05-07T15:06:21.284000,7.1
2025-05-07T15:06:16.283000,82.97
2025-05-07T15:06:11.278000,44.43
2025-05-07T15:06:06.274000,4.72
2025-05-07T15:06:01.270000,50.85
2025-05-07T15:05:56.266000,63.69
2025-05-07T15:05:51.256000,38.61
2025-05-07T15:05:46.254000,6.77
2025-05-07T15:05:41.249000,3.49
2025-05-07T15:05:36.245000,71.57
2025-05-07T15:05:31.237000,34.25
2025-05-07T15:05:26.231000,7.93
2025-05-07T15:05:21.227000,79.19
2025-05-07T15:05:16.223000,46.1
2025-05-07T15:05:11.217000,10.1
2025-05-07T15:05:06.213000,28.36
2025-05-07T15:05:01.207000,58.94
2025-05-07T15:04:56.203000,79.7
2025-05-07T15:04:51.200000,78.06
2025-05-07T15:04:46.197000,65.6
2025-05-07T15:04:41.191000,0.06
2025-05-07T15:04:36.186000,48.14
2025-05-07T15:04:31.180000,49.09
2025-05-07T15:04:26.175000,74.69
2025-05-07T15:04:21.171000,32.45
2025-05-07T15:04:16.170000,50.19
2025-05-07T15:04:11.161000,16.32
2025-05-07T15:04:06.156000,83.18
2025-05-07T15:04:01.152000,57.85
2025-05-07T15:03:56.147000,23.01
2025-05-07T15:03:51.139000,20.42
2025-05-07T15:03:46.136000,75.19
2025-05-07T15:03:41.132000,1.24
2025-05-07T15:03:36.124000,77.08
2025-05-07T15:03:31.117000,53.21
2025-05-07T15:03:26.108000,19.7
2025-05-07T15:03:21.103000,47.08
2025-05-07T15:03:16.098000,67.1
2025-05-07T15:03:11.088000,83.36
2025-05-07T15:03:06.083000,47.35
2025-05-07T15:03:01.077000,53.31
2025-05-07T15:02:56.071000,64.19
2025-05-07T15:02:51.060000,1.21
2025-05-07T15:02:46.055000,58.57
2025-05-07T15:02:41.045000,22.64
2025-05-07T15:02:36.036000,4.21
2025-05-07T15:02:31.027000,3.68
2025-05-07T15:02:26.023000,3.61
2025-05-07T15:02:21.016000,2.64
2025-05-07T15:02:16.014000,14.96
2025-05-07T15:02:11.009000,13.16
2025-05-07T15:02:06.004000,55.66
2025-05-07T15:02:00.999000,22.05
2025-05-07T15:01:55.995000,72.75
2025-05-07T15:01:50.987000,72.23
2025-05-07T15:01:45.984000,68.5
2025-05-07T15:01:40.980000,5.34
2025-05-07T15:01:35.977000,40.97
2025-05-07T15:01:30.971000,58.76
2025-05-07T15:01:25.947000,47.55
2025-05-07T15:01:20.942000,20.37
2025-05-07T15:01:15.939000,26.9
2025-05-07T15:01:10.930000,14.14
2025-05-07T15:01:05.925000,0.37
2025-05-07T15:01:00.920000,68.64
2025-05-07T15:00:55.915000,66.9
2025-05-07T15:00:50.910000,44.13
2025-05-07T15:00:45.907000,67.35
2025-05-07T15:00:40.903000,66.69
2025-05-07T15:00:35.896000,89.94
2025-05-07T15:00:30.890000,33.53
2025-05-07T15:00:25.886000,33.12
2025-05-07T15:00:20.881000,42.41
2025-05-07T15:00:15.879000,13.57
2025-05-07T15:00:10.874000,26.95
2025-05-07T15:00:05.868000,55.83
2025-05-07T15:00:00.864000,54.85
2025-05-07T14:59:55.861000,26.77
2025-05-07T14:59:50.857000,80.0
2025-05-07T14:59:45.855000,62.89
2025-05-07T14:59:40.850000,20.48
2025-05-07T14:59:35.844000,32.35
2025-05-07T14:59:30.838000,49.58
2025-05-07T14:59:25.835000,51.65
2025-05-07T14:59:20.829000,65.15
2025-05-07T14:59:15.826000,84.76
2025-05-07T14:59:10.819000,68.95
2025-05-07T14:59:05.815000,74.71
2025-05-07T14:59:00.812000,53.15
2025-05-07T14:58:55.807000,85.94
2025-05-07T14:58:50.802000,65.18
2025-05-07T14:58:45.802000,47.28
2025-05-07T14:58:40.796000,26.21
2025-05-07T14:58:35.786000,26.12
2025-05-07T14:58:30.781000,33.96
2025-05-07T14:58:25.777000,85.04
2025-05-07T14:58:20.773000,27.64
2025-05-07T14:58:15.770000,54.12
2025-05-07T14:58:10.765000,30.14
2025-05-07T14:58:05.761000,36.72
2025-05-07T14:58:00.753000,21.03
2025-05-07T14:57:55.745000,2.86
2025-05-07T14:57:50.741000,57.38
2025-05-07T14:57:45.737000,10.68
2025-05-07T14:57:40.732000,47.16
2025-05-07T14:57:35.728000,70.31
2025-05-07T14:57:30.723000,64.65
2025-05-07T14:57:25.718000,20.23
2025-05-07T14:57:20.713000,77.56
2025-05-07T14:57:15.710000,79.12
2025-05-07T14:57:10.702000,38.57
2025-05-07T14:57:05.698000,33.97
2025-05-07T14:57:00.691000,40.8
2025-05-07T14:56:55.686000,63.5
2025-05-07T14:56:50.678000,29.83
2025-05-07T14:56:45.675000,13.45
2025-05-07T14:56:40.670000,80.49
2025-05-07T14:56:35.666000,47.34
2025-05-07T14:56:30.663000,73.68
2025-05-07T14:56:25.659000,21.0
2025-05-07T14:56:20.655000,29.44
2025-05-07T14:56:15.652000,74.46
2025-05-07T14:56:10.643000,84.77
2025-05-07T14:56:05.639000,25.72
2025-05-07T14:56:00.635000,86.84
2025-05-07T14:55:55.632000,87.88
2025-05-07T14:55:50.628000,6.39
2025-05-07T14:55:45.627000,80.7
2025-05-07T14:55:40.623000,51.19
2025-05-07T14:55:35.618000,41.05
2025-05-07T14:55:30.614000,2.02
2025-05-07T14:55:25.610000,23.77
2025-05-07T14:55:20.605000,51.34
2025-05-07T14:55:15.599000,0.98
2025-05-07T14:55:10.595000,43.99
2025-05-07T14:55:05.591000,42.26
2025-05-07T14:55:00.587000,72.8
2025-05-07T14:54:55.583000,37.19
2025-05-07T14:54:50.579000,6.62
2025-05-07T14:54:45.578000,34.95
2025-05-07T14:54:40.574000,56.33
2025-05-07T14:54:35.571000,71.38
2025-05-07T14:54:30.567000,82.41
2025-05-07T14:54:25.586000,21.79
2025-05-07T14:54:20.559000,12.33
2025-05-07T14:54:15.558000,85.27
2025-05-07T14:54:10.556000,23.29
2025-05-07T14:54:05.547000,32.67
2025-05-07T14:54:00.543000,69.33
2025-05-07T14:53:55.540000,26.37
2025-05-07T14:53:50.533000,60.02
2025-05-07T14:53:45.531000,33.26
2025-05-07T14:53:40.527000,68.1
2025-05-07T14:53:35.521000,89.01
2025-05-07T14:53:30.510000,55.79
2025-05-07T14:53:25.510000,4.67
2025-05-07T14:53:20.493000,18.32
2025-05-07T14:53:15.491000,42.14
2025-05-07T14:53:10.485000,82.95
2025-05-07T14:53:05.479000,54.67
2025-05-07T14:53:00.470000,66.81
2025-05-07T14:52:55.459000,49.61
2025-05-07T14:52:50.448000,46.75
2025-05-07T14:52:45.444000,87.06
2025-05-07T14:52:40.439000,45.74
2025-05-07T14:52:35.429000,88.93
2025-05-07T14:52:30.424000,33.04
2025-05-07T14:52:25.427000,60.22
2025-05-07T14:52:20.415000,32.81
2025-05-07T14:52:15.413000,10.05
2025-05-07T14:52:10.409000,67.7
2025-05-07T14:52:05.405000,8.73
2025-05-07T14:52:00.401000,41.16
2025-05-07T14:51:55.384000,45.71
2025-05-07T14:51:50.378000,31.39
2025-05-07T14:51:45.376000,46.91
2025-05-07T14:51:40.367000,10.92
2025-05-07T14:51:35.362000,49.39
2025-05-07T14:51:30.356000,32.03
2025-05-07T14:51:25.349000,7.86
2025-05-07T14:51:20.343000,6.72
2025-05-07T14:51:15.339000,73.63
2025-05-07T14:51:10.336000,74.01
2025-05-07T14:51:05.328000,37.61
2025-05-07T14:51:00.322000,74.23
2025-05-07T14:50:55.318000,22.18
2025-05-07T14:50:50.314000,55.92
2025-05-07T14:50:45.310000,34.13
2025-05-07T14:50:40.307000,24.73
2025-05-07T14:50:35.304000,17.09
2025-05-07T14:50:30.298000,13.12
2025-05-07T14:50:25.293000,8.88
2025-05-07T14:50:20.288000,16.35
2025-05-07T14:50:15.285000,47.28
2025-05-07T14:50:10.281000,19.81
2025-05-07T14:50:05.277000,60.1
2025-05-07T14:50:00.272000,63.44
2025-05-07T14:49:55.265000,65.93
2025-05-07T14:49:50.261000,14.28
2025-05-07T14:49:45.260000,77.94
2025-05-07T14:49:40.256000,7.57
2025-05-07T14:49:35.252000,25.81
2025-05-07T14:49:30.247000,13.59
2025-05-07T14:49:25.239000,10.79
2025-05-07T14:49:20.235000,79.76
2025-05-07T14:49:15.233000,87.48
2025-05-07T14:49:10.229000,44.71
2025-05-07T14:49:05.223000,3.88
2025-05-07T14:49:00.216000,75.83
2025-05-07T14:48:55.212000,79.54
2025-05-07T14:48:50.208000,18.55
2025-05-07T14:48:45.206000,31.64
2025-05-07T14:48:40.202000,13.92
2025-05-07T14:48:35.199000,49.74
2025-05-07T14:48:30.187000,60.6
2025-05-07T14:48:25.181000,50.76
2025-05-07T14:48:20.177000,76.14
2025-05-07T14:48:15.176000,5.35
2025-05-07T14:48:10.172000,44.42
2025-05-07T14:48:05.167000,57.11
2025-05-07T14:48:00.165000,7.67
2025-05-07T14:47:55.159000,55.66
2025-05-07T14:47:50.156000,1.06
2025-05-07T14:47:45.155000,13.6
2025-05-07T14:47:40.150000,73.1
2025-05-07T14:47:35.145000,70.8
2025-05-07T14:47:30.142000,46.48
2025-05-07T14:47:25.138000,4.36
2025-05-07T14:47:20.132000,47.04
2025-05-07T14:47:15.132000,65.94
2025-05-07T14:47:10.128000,26.73
2025-05-07T14:47:05.124000,28.97
2025-05-07T14:47:00.117000,87.51
2025-05-07T14:46:55.112000,2.59
2025-05-07T14:46:50.106000,24.44
2025-05-07T14:46:45.104000,75.34
2025-05-07T14:46:40.099000,9.03
2025-05-07T14:46:35.095000,15.29
2025-05-07T14:46:30.087000,87.23
2025-05-07T14:46:25.063000,74.44
2025-05-07T14:46:20.059000,24.81
2025-05-07T14:46:15.055000,54.11
2025-05-07T14:46:10.051000,27.88
2025-05-07T14:46:05.047000,10.87
2025-05-07T14:46:00.044000,19.89
2025-05-07T14:45:55.036000,43.58
2025-05-07T14:45:50.032000,0.4
2025-05-07T14:45:45.027000,74.84
2025-05-07T14:45:40.023000,16.82
2025-05-07T14:45:35.019000,83.57
2025-05-07T14:45:30.014000,7.69
2025-05-07T14:45:25.010000,12.33
2025-05-07T14:45:20.006000,84.61
2025-05-07T14:45:15.005000,80.3
2025-05-07T14:45:09.992000,44.82
2025-05-07T14:45:04.982000,50.1
2025-05-07T14:44:59.962000,8.7
2025-05-07T14:44:54.957000,5.48
2025-05-07T14:44:49.953000,67.45
2025-05-07T14:44:44.951000,12.19
2025-05-07T14:44:39.946000,45.62
2025-05-07T14:44:34.942000,7.86
2025-05-07T14:44:29.939000,51.67
2025-05-07T14:44:24.927000,85.16
2025-05-07T14:44:19.922000,74.98
2025-05-07T14:44:14.919000,65.21
2025-05-07T14:44:09.913000,30.73
2025-05-07T14:44:04.910000,87.57
2025-05-07T14:43:59.904000,29.59
2025-05-07T14:43:54.897000,25.99
2025-05-07T14:43:49.889000,35.24
2025-05-07T14:43:44.888000,8.48
2025-05-07T14:43:39.882000,22.76
2025-05-07T14:43:34.879000,3.24
2025-05-07T14:43:29.874000,20.92
2025-05-07T14:43:24.868000,49.06
2025-05-07T14:43:19.861000,50.29
2025-05-07T14:43:14.857000,10.7
2025-05-07T14:43:09.847000,10.72
2025-05-07T14:43:04.844000,80.22
2025-05-07T14:42:59.838000,62.73
2025-05-07T14:42:54.834000,83.77
2025-05-07T14:42:49.830000,42.41
2025-05-07T14:42:44.828000,33.57
2025-05-07T14:42:39.825000,26.94
2025-05-07T14:42:34.821000,65.29
2025-05-07T14:42:29.815000,33.55
2025-05-07T14:42:24.811000,75.28
2025-05-07T14:42:19.806000,35.84
2025-05-07T14:42:14.803000,48.89
2025-05-07T14:42:09.798000,34.02
2025-05-07T14:42:04.793000,74.18
2025-05-07T14:41:59.790000,9.26
2025-05-07T14:41:54.785000,6.52
2025-05-07T14:41:49.781000,36.6
2025-05-07T14:41:44.779000,70.98
2025-05-07T14:41:39.777000,24.79
2025-05-07T14:41:34.773000,66.22
2025-05-07T14:41:29.770000,77.45
2025-05-07T14:41:24.765000,62.18
2025-05-07T14:41:19.759000,24.24
2025-05-07T14:41:14.758000,19.58
2025-05-07T14:41:09.755000,46.66
2025-05-07T14:41:04.751000,10.46
2025-05-07T14:40:35.244000,21.87
2025-05-07T14:40:30.273000,55.75
2025-05-07T14:40:25.415000,5.73
2025-05-07T14:40:20.413000,61.57
2025-05-07T14:40:15.409000,11.45
2025-05-07T14:40:10.403000,55.29
2025-05-07T14:40:05.399000,39.37
2025-05-07T14:40:00.394000,63.2
2025-05-07T14:39:55.389000,70.16
2025-05-07T14:39:50.386000,73.34
2025-05-07T14:39:45.382000,58.17
2025-05-07T14:39:40.376000,6.76
2025-05-07T14:39:35.371000,55.95
2025-05-07T14:39:30.365000,17.82
2025-05-07T14:39:25.360000,83.91
2025-05-07T14:39:20.356000,85.35
2025-05-07T14:39:15.351000,56.83
2025-05-07T14:39:10.347000,71.79
2025-05-07T14:39:05.343000,38.65
2025-05-07T14:39:00.338000,42.84
2025-05-07T14:38:55.332000,39.07
2025-05-07T14:38:50.329000,38.83
2025-05-07T14:38:45.323000,59.08
2025-05-07T14:38:40.318000,61.7
2025-05-07T14:38:35.313000,44.58
2025-05-07T14:38:30.308000,42.33
2025-05-07T14:38:25.304000,85.96
2025-05-07T14:38:20.301000,24.88
2025-05-07T14:38:15.295000,22.47
2025-05-07T14:38:10.290000,15.16
2025-05-07T14:38:05.284000,73.33
2025-05-07T14:38:00.280000,61.78
2025-05-07T14:37:55.277000,42.29
2025-05-07T14:37:50.274000,16.31
2025-05-07T14:37:45.270000,42.88
2025-05-07T14:37:40.266000,78.86
2025-05-07T14:37:35.259000,15.42
2025-05-07T14:37:30.248000,33.21
2025-05-07T14:37:25.240000,28.45
2025-05-07T14:37:20.237000,47.09
2025-05-07T14:37:15.230000,32.74
2025-05-07T14:37:10.222000,7.16
2025-05-07T14:37:05.216000,4.2
2025-05-07T14:37:00.211000,49.37
2025-05-07T14:36:55.192000,62.88
2025-05-07T14:36:50.175000,45.08
2025-05-07T14:36:45.171000,19.83
2025-05-07T14:36:40.166000,5.42
2025-05-07T14:36:35.161000,24.48
2025-05-07T14:36:30.156000,87.77
2025-05-07T14:36:25.152000,87.36
2025-05-07T14:36:20.151000,28.83
2025-05-07T14:36:15.145000,9.66
2025-05-07T14:36:10.142000,7.17
2025-05-07T14:36:05.137000,66.36
2025-05-07T14:36:00.131000,11.33
2025-05-07T14:35:55.127000,78.26
2025-05-07T14:35:50.124000,12.04
2025-05-07T14:35:45.118000,46.73
2025-05-07T14:35:40.114000,65.56
2025-05-07T14:35:35.106000,31.0
2025-05-07T14:35:30.102000,7.55
2025-05-07T14:35:25.097000,13.04
2025-05-07T14:35:20.084000,69.09
2025-05-07T14:35:15.062000,18.1
2025-05-07T14:35:10.048000,38.07
2025-05-07T14:35:05.044000,65.1
2025-05-07T14:35:00.038000,49.36
2025-05-07T14:34:55.033000,25.59
2025-05-07T14:34:50.030000,70.38
2025-05-07T14:34:45.025000,21.51
2025-05-07T14:34:40.019000,43.75
2025-05-07T14:34:35.015000,45.36
2025-05-07T14:34:30.011000,57.34
2025-05-07T14:34:25.007000,51.2
2025-05-07T14:34:20.003000,41.9
2025-05-07T14:34:14.997000,8.54
2025-05-07T14:34:09.994000,1.58
2025-05-07T14:34:04.988000,44.43
2025-05-07T14:33:59.985000,12.84
2025-05-07T14:33:54.981000,9.76
2025-05-07T14:33:49.980000,69.88
2025-05-07T14:33:44.975000,18.05
2025-05-07T14:33:39.964000,33.45
2025-05-07T14:33:34.959000,48.97
2025-05-07T14:33:29.953000,80.45
2025-05-07T14:33:24.949000,89.57
2025-05-07T14:33:19.947000,46.77
2025-05-07T14:33:14.941000,65.56
2025-05-07T14:33:09.934000,66.96
2025-05-07T14:33:04.931000,25.95
2025-05-07T14:32:59.928000,66.96
2025-05-07T14:32:54.925000,54.11
2025-05-07T14:32:49.923000,89.68
2025-05-07T14:32:44.920000,61.2
2025-05-07T14:32:39.915000,46.98
2025-05-07T14:32:34.911000,39.08
2025-05-07T14:32:29.906000,7.47
2025-05-07T14:32:24.903000,46.87
2025-05-07T14:32:19.900000,69.5
2025-05-07T14:32:14.897000,73.97
2025-05-07T14:32:09.893000,31.32
2025-05-07T14:32:04.890000,19.72
2025-05-07T14:31:59.886000,57.78
2025-05-07T14:31:54.882000,79.41
2025-05-07T14:31:49.881000,46.96
2025-05-07T14:31:44.874000,44.07
2025-05-07T14:31:39.871000,75.22
2025-05-07T14:31:34.865000,23.85
2025-05-07T14:31:29.862000,12.88
2025-05-07T14:31:24.859000,0.2
2025-05-07T14:31:19.858000,87.68
2025-05-07T14:31:14.854000,26.66
2025-05-07T14:31:09.851000,62.33
2025-05-07T14:31:04.848000,4.66
2025-05-07T14:30:59.845000,16.25
2025-05-07T14:30:54.841000,18.45
2025-05-07T14:30:49.795000,88.11
2025-05-07T14:30:44.792000,56.1
2025-05-07T14:30:39.788000,71.73
2025-05-07T14:30:34.785000,27.58
2025-05-07T14:30:29.780000,66.0
2025-05-07T14:30:24.777000,3.04
2025-05-07T14:30:19.776000,22.74
2025-05-07T14:30:14.772000,26.09
2025-05-07T14:30:09.769000,78.56
2025-05-07T14:30:04.766000,5.62
2025-05-07T14:29:59.763000,40.07
2025-05-07T14:29:54.759000,9.76
2025-05-07T14:29:49.758000,26.22
2025-05-07T14:29:44.754000,67.27
2025-05-07T14:29:39.750000,17.77
2025-05-07T14:29:34.747000,21.27
2025-05-07T14:29:29.743000,19.48
2025-05-07T14:29:24.736000,75.98
2025-05-07T14:29:19.725000,69.35
2025-05-07T14:29:14.722000,23.52
2025-05-07T14:29:09.718000,49.54
2025-05-07T14:29:04.714000,50.23
2025-05-07T14:28:59.710000,84.0
2025-05-07T14:28:54.707000,77.46
2025-05-07T14:28:49.703000,81.18
2025-05-07T14:28:44.698000,77.98
2025-05-07T14:28:39.693000,44.41
2025-05-07T14:28:34.688000,49.34
2025-05-07T14:28:29.684000,42.81
2025-05-07T14:28:24.680000,56.33
2025-05-07T14:28:19.677000,8.08
2025-05-07T14:28:14.673000,86.02
2025-05-07T14:28:09.670000,1.06
2025-05-07T14:28:04.667000,13.9
2025-05-07T14:27:59.662000,42.76
2025-05-07T14:27:54.658000,7.61
2025-05-07T14:27:49.622000,31.04
2025-05-07T14:27:44.618000,37.96
2025-05-07T14:27:39.612000,80.06
2025-05-07T14:27:34.609000,27.97
2025-05-07T14:27:29.605000,32.67
2025-05-07T14:27:24.602000,10.77
2025-05-07T14:27:19.599000,18.34
2025-05-07T14:27:14.592000,6.96
2025-05-07T14:27:09.498000,59.38
2025-05-07T14:27:04.493000,42.73
2025-05-07T14:26:59.489000,68.72
2025-05-07T14:26:54.482000,20.0
2025-05-07T14:26:49.475000,2.7
2025-05-07T14:26:44.471000,28.92
2025-05-07T14:26:39.466000,26.81
2025-05-07T14:26:34.460000,25.67
2025-05-07T14:26:29.453000,4.74
2025-05-07T14:26:24.449000,36.11
2025-05-07T14:26:19.446000,0.66
2025-05-07T14:26:14.443000,84.37
2025-05-07T14:26:09.434000,34.9
2025-05-07T14:26:04.428000,30.0
2025-05-07T14:25:59.423000,25.39
2025-05-07T14:25:54.421000,9.67
2025-05-07T14:25:49.418000,8.9
2025-05-07T14:25:44.413000,6.47
2025-05-07T14:25:39.410000,3.52
2025-05-07T14:25:34.403000,78.19
2025-05-07T14:25:29.397000,35.26
2025-05-07T14:25:24.392000,68.19
2025-05-07T14:25:19.389000,29.28
2025-05-07T14:25:14.383000,69.66
2025-05-07T14:25:09.378000,6.93
2025-05-07T14:25:04.374000,47.56
2025-05-07T14:24:59.369000,24.18
2025-05-07T14:24:54.366000,58.63
2025-05-07T14:24:49.362000,27.57
2025-05-07T14:24:44.357000,42.96
2025-05-07T14:24:39.353000,72.6
2025-05-07T14:24:34.347000,75.65
2025-05-07T14:24:29.341000,26.17
2025-05-07T14:24:24.335000,85.9
2025-05-07T14:24:19.333000,22.96
2025-05-07T14:24:14.326000,80.34
2025-05-07T14:24:09.322000,33.68
2025-05-07T14:24:04.317000,83.89
2025-05-07T14:23:59.311000,87.02
2025-05-07T14:23:54.307000,1.58
2025-05-07T14:23:49.305000,80.28
2025-05-07T14:23:44.301000,57.81
2025-05-07T14:23:39.297000,3.51
2025-05-07T14:23:34.293000,52.67
2025-05-07T14:23:29.288000,75.73
2025-05-07T14:23:24.249000,12.59
2025-05-07T14:23:19.245000,52.4
2025-05-07T14:23:14.241000,73.06
2025-05-07T14:23:09.237000,16.44
2025-05-07T14:23:04.231000,15.78
2025-05-07T14:22:59.226000,74.79
2025-05-07T14:22:54.223000,44.77
2025-05-07T14:22:49.220000,12.03
2025-05-07T14:22:44.216000,45.4
2025-05-07T14:22:39.212000,22.06
2025-05-07T14:22:34.197000,19.55
2025-05-07T14:22:29.193000,20.08
2025-05-07T14:22:24.189000,10.62
2025-05-07T14:22:19.188000,17.71
2025-05-07T14:22:14.183000,26.55
2025-05-07T14:22:09.179000,20.2
2025-05-07T14:22:04.176000,13.71
2025-05-07T14:21:59.170000,46.39
2025-05-07T14:21:54.165000,87.43
2025-05-07T14:21:49.162000,29.47
2025-05-07T14:21:44.158000,23.55
2025-05-07T14:21:39.154000,36.87
2025-05-07T14:21:34.149000,67.35
2025-05-07T14:21:29.146000,53.11
2025-05-07T14:21:24.141000,89.32
2025-05-07T14:21:19.134000,71.28
2025-05-07T14:21:14.130000,58.99
2025-05-07T14:21:09.126000,32.63
2025-05-07T14:21:04.122000,10.76
2025-05-07T14:20:59.116000,6.7
2025-05-07T14:20:54.113000,44.72
2025-05-07T14:20:49.111000,29.92
2025-05-07T14:20:44.107000,49.88
2025-05-07T14:20:39.102000,20.28
2025-05-07T14:20:34.099000,20.49
2025-05-07T14:20:29.095000,40.05
2025-05-07T14:20:24.091000,53.0
2025-05-07T14:20:19.089000,53.03
2025-05-07T14:20:14.085000,51.26
2025-05-07T14:20:09.087000,86.02
2025-05-07T14:20:04.077000,6.11
2025-05-07T14:19:59.073000,18.01
2025-05-07T14:19:54.068000,30.93
2025-05-07T14:19:49.064000,14.5
2025-05-07T14:19:44.059000,53.81
2025-05-07T14:19:39.054000,52.72
2025-05-07T14:19:34.050000,6.92
2025-05-07T14:19:29.046000,50.36
2025-05-07T14:19:24.043000,50.43
2025-05-07T14:19:19.038000,75.18
2025-05-07T14:19:14.035000,1.9
2025-05-07T14:19:09.029000,38.94
2025-05-07T14:19:04.024000,73.72
2025-05-07T14:18:59.020000,45.28
2025-05-07T14:18:54.017000,62.1
2025-05-07T14:18:49.015000,87.03
2025-05-07T14:18:44.011000,61.46
2025-05-07T14:18:39.007000,28.01
2025-05-07T14:18:34.003000,87.34
2025-05-07T14:18:28.999000,84.49
2025-05-07T14:18:23.995000,10.89
2025-05-07T14:18:18.993000,77.47
2025-05-07T14:18:13.987000,24.79
2025-05-07T14:18:08.984000,73.91
2025-05-07T14:18:03.979000,62.72
2025-05-07T14:17:58.976000,45.42
2025-05-07T14:17:53.972000,78.12
2025-05-07T14:17:48.970000,47.3
2025-05-07T14:17:43.967000,52.2
2025-05-07T14:17:38.963000,61.85
2025-05-07T14:17:33.959000,4.13
2025-05-07T14:17:28.955000,30.02
2025-05-07T14:17:23.951000,34.29
2025-05-07T14:17:18.949000,34.98
2025-05-07T14:17:13.944000,87.99
2025-05-07T14:17:08.936000,79.01
2025-05-07T14:17:03.931000,2.43
2025-05-07T14:16:58.926000,74.33
2025-05-07T14:16:53.921000,41.34
2025-05-07T14:16:48.919000,88.07
2025-05-07T14:16:43.914000,3.98
2025-05-07T14:16:38.909000,26.44
2025-05-07T14:16:33.907000,34.82
2025-05-07T14:16:28.903000,0.21
2025-05-07T14:16:23.898000,78.1
2025-05-07T14:16:18.891000,74.87
2025-05-07T14:16:13.887000,65.85
2025-05-07T14:16:08.884000,65.44
2025-05-07T14:16:03.879000,19.27
2025-05-07T14:15:58.875000,2.91
2025-05-07T14:15:53.871000,6.01
2025-05-07T14:15:48.869000,76.84
2025-05-07T14:15:43.866000,64.78
2025-05-07T14:15:38.861000,64.16
2025-05-07T14:15:33.858000,59.91
2025-05-07T14:15:28.854000,76.95
2025-05-07T14:15:23.851000,65.93
2025-05-07T14:15:18.848000,10.77
2025-05-07T14:15:13.844000,50.69
2025-05-07T14:15:08.840000,59.05
2025-05-07T14:15:03.836000,12.45
2025-05-07T14:14:58.831000,33.65
2025-05-07T14:14:53.827000,71.46
2025-05-07T14:14:48.826000,59.85
2025-05-07T14:14:43.821000,50.12
2025-05-07T14:14:38.817000,31.05
2025-05-07T14:14:33.814000,67.07
2025-05-07T14:14:28.807000,85.59
2025-05-07T14:14:23.798000,11.15
2025-05-07T14:14:18.794000,48.17
2025-05-07T14:14:13.790000,58.14
2025-05-07T14:14:08.785000,28.01
2025-05-07T14:14:03.782000,84.43
2025-05-07T14:13:58.777000,26.89
2025-05-07T14:13:53.773000,8.61
2025-05-07T14:13:48.770000,87.85
2025-05-07T14:13:43.766000,37.76
2025-05-07T14:13:38.762000,1.39
2025-05-07T14:13:33.759000,17.59
2025-05-07T14:13:28.755000,79.71
2025-05-07T14:13:23.751000,66.25
2025-05-07T14:13:18.749000,19.92
2025-05-07T14:13:13.745000,69.92
2025-05-07T14:13:08.741000,24.28
2025-05-07T14:13:03.738000,75.26
2025-05-07T14:12:58.734000,7.29
2025-05-07T14:12:53.729000,2.98
2025-05-07T14:12:48.727000,12.71
2025-05-07T14:12:43.724000,0.94
2025-05-07T14:12:38.720000,3.22
2025-05-07T14:12:33.716000,84.47
2025-05-07T14:12:28.712000,37.53
2025-05-07T14:12:23.708000,81.61
2025-05-07T14:12:18.705000,83.59
2025-05-07T14:12:13.702000,84.91
2025-05-07T14:12:08.699000,24.79
2025-05-07T14:12:03.696000,76.27
2025-05-07T14:11:58.692000,0.34
2025-05-07T14:11:53.688000,56.62
2025-05-07T14:11:48.686000,70.71
2025-05-07T14:11:43.683000,23.65
2025-05-07T14:11:38.680000,52.08
2025-05-07T14:11:33.675000,24.67
2025-05-07T14:11:28.671000,75.11
2025-05-07T14:11:23.666000,50.61
2025-05-07T14:11:18.664000,72.05
2025-05-07T14:11:13.657000,2.82
2025-05-07T14:11:08.651000,53.93
2025-05-07T14:11:03.648000,81.49
2025-05-07T14:10:58.644000,18.93
2025-05-07T14:10:53.641000,39.8
2025-05-07T14:10:48.639000,75.05
2025-05-07T14:10:43.634000,33.78
2025-05-07T14:10:38.631000,13.53
2025-05-07T14:10:33.626000,88.6
2025-05-07T14:10:28.621000,21.1
2025-05-07T14:10:23.614000,10.27
2025-05-07T14:10:18.610000,51.1
2025-05-07T14:10:13.606000,88.03
2025-05-07T14:10:08.602000,39.41
2025-05-07T14:10:03.599000,70.8
2025-05-07T14:09:58.592000,75.31
2025-05-07T14:09:53.563000,24.52
2025-05-07T14:09:48.560000,84.12
2025-05-07T14:09:43.556000,66.93
2025-05-07T14:09:38.552000,64.09
2025-05-07T14:09:33.548000,83.51
2025-05-07T14:09:28.544000,49.11
2025-05-07T14:09:23.533000,34.35
2025-05-07T14:09:18.532000,28.08
2025-05-07T14:09:13.528000,59.06
2025-05-07T14:09:08.524000,82.03
2025-05-07T14:09:03.518000,82.71
2025-05-07T14:08:58.513000,67.0
2025-05-07T14:08:53.509000,14.42
2025-05-07T14:08:48.505000,73.76
2025-05-07T14:08:43.500000,49.04
2025-05-07T14:08:38.494000,6.11
2025-05-07T14:08:33.486000,48.36
2025-05-07T14:08:28.481000,58.63
2025-05-07T14:08:23.476000,60.7
2025-05-07T14:08:18.473000,66.55
2025-05-07T14:08:13.466000,33.34
2025-05-07T14:08:08.459000,36.97
2025-05-07T14:08:03.455000,25.81
2025-05-07T14:07:58.451000,61.67
2025-05-07T14:07:53.442000,48.98
2025-05-07T14:07:48.426000,43.66
2025-05-07T14:07:43.423000,84.23
2025-05-07T14:07:38.419000,25.34
2025-05-07T14:07:33.412000,42.42
2025-05-07T14:07:28.407000,78.74
2025-05-07T14:07:23.401000,87.75
2025-05-07T14:07:18.399000,84.05
2025-05-07T14:07:13.395000,63.5
2025-05-07T14:07:08.390000,30.55
2025-05-07T14:07:03.383000,18.57
2025-05-07T14:06:58.379000,28.07
2025-05-07T14:06:53.378000,81.79
2025-05-07T14:06:48.370000,6.89
2025-05-07T14:06:43.365000,10.63
2025-05-07T14:06:38.360000,43.5
2025-05-07T14:06:33.355000,80.77
2025-05-07T14:06:28.348000,87.21
2025-05-07T14:06:23.345000,44.64
2025-05-07T14:06:18.343000,26.93
2025-05-07T14:06:13.338000,30.97
2025-05-07T14:06:08.335000,21.02
2025-05-07T14:06:03.330000,85.05
2025-05-07T14:05:58.324000,10.83
2025-05-07T14:05:53.321000,7.59
2025-05-07T14:05:48.318000,3.17
2025-05-07T14:05:43.314000,74.75
2025-05-07T14:05:38.309000,33.38
2025-05-07T14:05:33.305000,37.13
2025-05-07T14:05:28.300000,86.12
2025-05-07T14:05:23.289000,16.98
2025-05-07T14:05:18.287000,56.0
2025-05-07T14:05:13.282000,27.82
2025-05-07T14:05:08.278000,23.3
2025-05-07T14:05:03.274000,45.26
2025-05-07T14:04:58.270000,76.32
2025-05-07T14:04:53.267000,29.96
2025-05-07T14:04:48.265000,64.89
2025-05-07T14:04:43.260000,66.21
2025-05-07T14:04:38.256000,45.58
2025-05-07T14:04:33.252000,43.39
2025-05-07T14:04:28.248000,77.37
2025-05-07T14:04:23.244000,88.77
2025-05-07T14:04:18.242000,84.39
2025-05-07T14:04:13.236000,58.82
2025-05-07T14:04:08.231000,54.93
2025-05-07T14:04:03.227000,66.57
2025-05-07T14:03:58.222000,66.25
2025-05-07T14:03:53.218000,5.97
2025-05-07T14:03:48.216000,80.0
2025-05-07T14:03:43.212000,80.48
2025-05-07T14:03:38.208000,14.39
2025-05-07T14:03:33.203000,26.33
2025-05-07T14:03:28.199000,65.06
2025-05-07T14:03:23.196000,62.45
2025-05-07T14:03:18.195000,27.22
2025-05-07T14:03:13.189000,66.11
2025-05-07T14:03:08.184000,17.46
2025-05-07T14:03:03.180000,4.87
2025-05-07T14:02:58.174000,8.38
2025-05-07T14:02:53.170000,6.38
2025-05-07T14:02:48.167000,79.74
2025-05-07T14:02:43.162000,33.68
2025-05-07T14:02:38.157000,63.3
2025-05-07T14:02:33.150000,9.47
2025-05-07T14:02:28.145000,5.79
2025-05-07T14:02:23.140000,43.92
2025-05-07T14:02:18.137000,86.53
2025-05-07T14:02:13.131000,58.8
2025-05-07T14:02:08.122000,0.13
2025-05-07T14:02:03.117000,33.12
2025-05-07T14:01:58.097000,85.19
2025-05-07T14:01:53.067000,36.96
2025-05-07T14:01:48.063000,18.95
2025-05-07T14:01:43.053000,44.97
2025-05-07T14:01:38.028000,14.32
2025-05-07T14:01:33.022000,89.29
2025-05-07T14:01:28.017000,62.7
2025-05-07T14:01:23.017000,53.16
2025-05-07T14:01:18.002000,45.78
2025-05-07T14:01:12.996000,38.23
2025-05-07T14:01:07.991000,30.46
2025-05-07T14:01:02.986000,29.33
2025-05-07T14:00:57.977000,6.23
2025-05-07T14:00:52.970000,1.85
2025-05-07T14:00:47.970000,74.71
2025-05-07T14:00:42.953000,40.57
2025-05-07T14:00:37.948000,36.85
2025-05-07T14:00:32.945000,38.38
2025-05-07T14:00:27.938000,15.83
2025-05-07T14:00:22.926000,66.65
2025-05-07T14:00:17.922000,8.13
2025-05-07T14:00:12.916000,15.34
2025-05-07T14:00:07.910000,17.65
2025-05-07T14:00:02.903000,34.75
2025-05-07T13:59:57.897000,51.53
2025-05-07T13:59:52.893000,57.7
2025-05-07T13:59:47.889000,8.69
2025-05-07T13:59:42.882000,28.48
2025-05-07T13:59:37.878000,48.89
2025-05-07T13:59:32.868000,16.17
2025-05-07T13:59:27.864000,71.55
2025-05-07T13:59:22.857000,45.9
2025-05-07T13:59:17.853000,85.73
2025-05-07T13:59:12.847000,17.1
2025-05-07T13:59:07.842000,80.53
2025-05-07T13:59:02.838000,7.99
2025-05-07T13:58:57.832000,30.01
2025-05-07T13:58:52.826000,66.6
2025-05-07T13:58:47.820000,49.42
2025-05-07T13:58:42.816000,24.97
2025-05-07T13:58:37.812000,16.19
2025-05-07T13:58:32.806000,41.46
2025-05-07T13:58:27.803000,6.79
2025-05-07T13:58:22.799000,63.03
2025-05-07T13:58:17.796000,3.64
2025-05-07T13:58:12.791000,4.8
2025-05-07T13:58:07.786000,47.59
2025-05-07T13:58:02.782000,25.41
2025-05-07T13:57:57.776000,49.98
2025-05-07T13:57:52.772000,17.71
2025-05-07T13:57:47.769000,43.79
2025-05-07T13:57:42.763000,40.54
2025-05-07T13:57:37.755000,88.59
2025-05-07T13:57:32.748000,42.25
2025-05-07T13:57:27.742000,89.87
2025-05-07T13:57:22.737000,26.28
2025-05-07T13:57:17.733000,44.63
2025-05-07T13:57:12.726000,68.58
2025-05-07T13:57:07.722000,19.44
2025-05-07T13:57:02.718000,56.11
2025-05-07T13:56:57.711000,43.63
2025-05-07T13:56:52.700000,23.21
2025-05-07T13:56:47.697000,74.77
2025-05-07T13:56:42.692000,72.68
2025-05-07T13:56:37.679000,33.93
2025-05-07T13:56:32.674000,21.43
2025-05-07T13:56:27.667000,22.7
2025-05-07T13:56:22.664000,39.8
2025-05-07T13:56:17.663000,72.46
2025-05-07T13:56:12.658000,72.52
2025-05-07T13:56:07.651000,3.43
2025-05-07T13:56:02.647000,42.82
2025-05-07T13:55:57.641000,61.21
2025-05-07T13:55:52.631000,83.32
2025-05-07T13:55:47.629000,76.7
2025-05-07T13:55:42.618000,29.79
2025-05-07T13:55:37.613000,87.24
2025-05-07T13:55:32.605000,30.32
2025-05-07T13:55:27.601000,33.72
2025-05-07T13:55:22.593000,30.69
2025-05-07T13:55:17.590000,54.62
2025-05-07T13:55:12.586000,76.47
2025-05-07T13:55:07.580000,72.06
2025-05-07T13:55:02.573000,54.92
2025-05-07T13:54:57.568000,18.11
2025-05-07T13:54:52.563000,56.34
2025-05-07T13:54:47.560000,32.49
2025-05-07T13:54:42.555000,14.45
2025-05-07T13:54:37.551000,20.56
2025-05-07T13:54:32.543000,58.06
2025-05-07T13:54:27.536000,86.01
2025-05-07T13:54:22.531000,20.53
2025-05-07T13:54:17.529000,80.49
2025-05-07T13:54:12.523000,51.4
2025-05-07T13:54:07.519000,63.63
2025-05-07T13:54:02.514000,13.05
2025-05-07T13:53:57.509000,13.95
2025-05-07T13:53:52.502000,5.59
2025-05-07T13:53:47.497000,85.59
2025-05-07T13:53:42.485000,50.4
2025-05-07T13:53:37.472000,63.97
2025-05-07T13:53:32.467000,16.97
2025-05-07T13:53:27.461000,65.29
2025-05-07T13:53:22.456000,87.31
2025-05-07T13:53:17.455000,77.88
2025-05-07T13:53:12.449000,88.86
2025-05-07T13:53:07.441000,46.23
2025-05-07T13:53:02.435000,23.84
2025-05-07T13:52:57.431000,47.57
2025-05-07T13:52:52.426000,33.58
2025-05-07T13:52:47.423000,22.23
2025-05-07T13:52:42.416000,49.98
2025-05-07T13:52:37.410000,64.64
2025-05-07T13:52:32.388000,57.7
2025-05-07T13:52:27.377000,35.54
2025-05-07T13:52:22.363000,48.04
2025-05-07T13:52:17.360000,24.5
2025-05-07T13:52:12.356000,83.64
2025-05-07T13:52:07.351000,51.66
2025-05-07T13:52:02.343000,44.86
2025-05-07T13:51:57.337000,87.96
2025-05-07T13:51:52.332000,40.62
2025-05-07T13:51:47.329000,74.36
2025-05-07T13:51:42.317000,34.72
2025-05-07T13:51:37.309000,87.28
2025-05-07T13:51:32.304000,58.55
2025-05-07T13:51:27.297000,74.06
2025-05-07T13:51:22.294000,3.41
2025-05-07T13:51:17.288000,35.21
2025-05-07T13:51:12.283000,86.32
2025-05-07T13:51:07.277000,74.13
2025-05-07T13:51:02.267000,83.15
2025-05-07T13:50:57.260000,11.37
2025-05-07T13:50:52.256000,40.29
2025-05-07T13:50:47.251000,63.56
2025-05-07T13:50:42.246000,13.27
2025-05-07T13:50:37.241000,59.98
2025-05-07T13:50:32.236000,34.76
2025-05-07T13:50:27.222000,34.95
2025-05-07T13:50:22.214000,0.73
2025-05-07T13:50:17.208000,89.53
2025-05-07T13:50:12.202000,62.41
2025-05-07T13:50:07.196000,34.98
2025-05-07T13:50:02.192000,83.66
2025-05-07T13:49:57.188000,5.71
2025-05-07T13:49:52.184000,28.24
2025-05-07T13:49:47.178000,62.78
2025-05-07T13:49:42.171000,83.59
2025-05-07T13:49:37.167000,54.88
2025-05-07T13:49:32.161000,73.65
2025-05-07T13:49:27.154000,74.95
2025-05-07T13:49:22.148000,66.59
2025-05-07T13:49:17.141000,55.61
2025-05-07T13:49:12.120000,34.91
2025-05-07T13:49:07.116000,62.95
2025-05-07T13:49:02.112000,88.8
2025-05-07T13:48:57.090000,67.54
2025-05-07T13:48:52.085000,42.89
2025-05-07T13:48:47.033000,33.88
2025-05-07T13:48:42.025000,28.72
2025-05-07T13:48:37.019000,53.79
2025-05-07T13:48:32.013000,53.08
2025-05-07T13:48:27.007000,35.1
2025-05-07T13:48:22.004000,29.27
2025-05-07T13:48:16.999000,74.2
2025-05-07T13:48:11.994000,31.33
2025-05-07T13:48:06.990000,51.9
2025-05-07T13:48:01.937000,35.43
2025-05-07T13:47:57.355000,34.74
2025-05-06T22:23:55.596000,64.82
2025-05-06T22:23:50.995000,43.33
2025-05-06T22:23:46.187000,34.82
2025-05-06T22:23:41.183000,89.12
2025-05-06T22:23:36.181000,19.85
2025-05-06T22:23:31.177000,1.59
2025-05-06T22:23:26.172000,47.68
2025-05-06T22:23:21.167000,48.43
2025-05-06T22:23:16.164000,19.41
2025-05-06T22:23:11.158000,41.99
2025-05-06T22:23:06.156000,26.69
2025-05-06T22:23:01.150000,49.6
2025-05-06T22:22:56.146000,37.29
2025-05-06T22:22:51.141000,72.77
2025-05-06T22:22:46.137000,44.49
2025-05-06T22:22:41.132000,62.67
2025-05-06T22:22:36.130000,22.99
2025-05-06T22:22:31.125000,32.15
2025-05-06T22:22:26.121000,50.95
2025-05-06T22:22:21.116000,45.84
2025-05-06T22:22:16.112000,53.04
2025-05-06T22:22:11.108000,11.0
2025-05-06T22:22:06.107000,32.2
2025-05-06T22:22:01.103000,28.29
2025-05-06T22:21:56.100000,35.0
2025-05-06T22:21:51.094000,41.91
2025-05-06T22:21:46.090000,22.24
2025-05-06T22:21:41.086000,84.12
2025-05-06T22:21:36.084000,67.96
2025-05-06T22:21:31.080000,87.69
2025-05-06T22:21:26.075000,35.73
2025-05-06T22:21:21.069000,36.38
2025-05-06T22:21:16.064000,6.8
2025-05-06T22:21:11.059000,31.12
2025-05-06T22:21:06.058000,1.42
2025-05-06T22:21:01.054000,82.58
2025-05-06T22:20:56.049000,4.63
2025-05-06T22:20:51.045000,27.32
2025-05-06T22:20:46.041000,49.77
2025-05-06T22:20:41.035000,67.04
2025-05-06T22:20:36.032000,40.7
2025-05-06T22:20:31.026000,9.53
2025-05-06T22:20:26.023000,17.1
2025-05-06T22:20:21.019000,48.15
2025-05-06T22:20:16.519000,44.76
2025-05-06T22:20:11.008000,5.45
2025-05-06T22:20:06.007000,15.2
2025-05-06T22:20:01.001000,56.42
2025-05-06T22:19:55.998000,12.07
2025-05-06T22:19:50.993000,2.13
2025-05-06T22:19:45.989000,6.26
2025-05-06T22:19:40.982000,37.25
2025-05-06T22:19:35.981000,75.96
2025-05-06T22:19:30.975000,82.78
2025-05-06T22:19:25.970000,70.35
2025-05-06T22:19:20.965000,24.47
2025-05-06T22:19:15.961000,68.04
2025-05-06T22:19:10.957000,73.9
2025-05-06T22:19:05.957000,4.98
2025-05-06T22:19:00.949000,69.67
2025-05-06T22:18:55.946000,84.03
2025-05-06T22:18:50.942000,59.17
2025-05-06T22:18:45.937000,14.02
2025-05-06T22:18:40.932000,88.74
2025-05-06T22:18:35.931000,8.66
2025-05-06T22:18:30.928000,67.97
2025-05-06T22:18:25.924000,13.56
2025-05-06T22:18:20.919000,7.78
2025-05-06T22:18:15.915000,70.75
2025-05-06T22:18:10.910000,49.33
2025-05-06T22:18:05.908000,20.64
2025-05-06T22:18:00.902000,78.93
2025-05-06T22:17:55.898000,38.06
2025-05-06T22:17:50.893000,68.03
2025-05-06T22:17:45.890000,30.74
2025-05-06T22:17:40.886000,0.8
2025-05-06T22:17:35.885000,58.71
2025-05-06T22:17:30.882000,57.61
2025-05-06T22:17:25.877000,3.38
2025-05-06T22:17:20.872000,59.48
2025-05-06T22:17:15.869000,76.16
2025-05-06T22:17:10.863000,57.41
2025-05-06T22:17:05.861000,77.78
2025-05-06T22:17:00.855000,89.83
2025-05-06T22:16:55.851000,66.7
2025-05-06T22:16:50.845000,53.35
2025-05-06T22:16:45.842000,46.26
2025-05-06T22:16:40.839000,79.76
2025-05-06T22:16:35.838000,47.2
2025-05-06T22:16:30.832000,31.34
2025-05-06T22:16:25.828000,55.77
2025-05-06T22:16:20.823000,26.28
2025-05-06T22:16:15.819000,65.65
2025-05-06T22:16:10.814000,49.03
2025-05-06T22:16:05.812000,27.95
2025-05-06T22:16:00.807000,59.53
2025-05-06T22:15:55.804000,65.58
2025-05-06T22:15:50.800000,74.82
2025-05-06T22:15:45.796000,48.02
2025-05-06T22:15:40.790000,37.47
2025-05-06T22:15:35.789000,3.85
2025-05-06T22:15:30.785000,54.77
2025-05-06T22:15:25.782000,87.88
2025-05-06T22:15:20.777000,55.6
2025-05-06T22:15:15.777000,89.88
2025-05-06T22:15:10.770000,64.98
2025-05-06T22:15:05.769000,12.91
2025-05-06T22:15:00.766000,21.37
2025-05-06T22:14:55.758000,59.7
2025-05-06T22:14:50.750000,20.59
2025-05-06T22:14:45.741000,6.0
2025-05-06T22:14:40.733000,11.58
2025-05-06T22:14:35.731000,1.65
2025-05-06T22:14:30.725000,37.34
2025-05-06T22:14:25.719000,82.83
2025-05-06T22:14:20.714000,75.83
2025-05-06T22:14:15.710000,31.84
2025-05-06T22:14:10.704000,38.87
2025-05-06T22:14:05.705000,37.49
2025-05-06T22:14:00.702000,26.31
2025-05-06T22:13:55.697000,51.52
2025-05-06T22:13:50.693000,34.5
2025-05-06T22:13:45.690000,37.94
2025-05-06T22:13:40.687000,42.67
2025-05-06T22:13:35.686000,47.08
2025-05-06T22:13:30.683000,1.95
2025-05-06T22:13:25.679000,59.19
2025-05-06T22:13:20.677000,67.75
2025-05-06T22:13:15.673000,82.57
2025-05-06T22:13:10.669000,58.4
2025-05-06T22:13:05.667000,1.83
2025-05-06T22:13:00.664000,32.73
2025-05-06T22:12:55.660000,46.45
2025-05-06T22:12:50.655000,60.33
2025-05-06T22:12:45.652000,41.82
2025-05-06T22:12:40.648000,81.66
2025-05-06T22:12:35.647000,75.71
2025-05-06T22:12:30.639000,4.47
2025-05-06T22:12:25.636000,66.59
2025-05-06T22:12:20.633000,21.6
2025-05-06T22:12:15.629000,3.4
2025-05-06T22:12:10.626000,76.12
2025-05-06T22:12:05.627000,15.85
2025-05-06T22:12:00.621000,39.74
2025-05-06T22:11:55.618000,8.89
2025-05-06T22:11:50.615000,63.78
2025-05-06T22:11:45.611000,60.3
2025-05-06T22:11:40.607000,34.01
2025-05-06T22:11:35.608000,0.71
2025-05-06T22:11:30.604000,3.01
2025-05-06T22:11:25.598000,13.65
2025-05-06T22:11:20.596000,73.33
2025-05-06T22:11:15.606000,76.37
2025-05-06T22:11:10.589000,69.56
2025-05-06T22:11:05.585000,66.64
2025-05-06T22:11:00.582000,75.08
2025-05-06T22:10:55.578000,17.54
2025-05-06T22:10:50.572000,80.57
2025-05-06T22:10:45.569000,39.37
2025-05-06T22:10:40.565000,25.64
2025-05-06T22:10:35.565000,70.47
2025-05-06T22:10:30.560000,84.43
2025-05-06T22:10:25.558000,35.31
2025-05-06T22:10:20.554000,84.27
2025-05-06T22:10:15.550000,4.95
2025-05-06T22:10:10.547000,46.16
2025-05-06T22:10:05.545000,40.79
2025-05-06T22:10:00.540000,23.01
2025-05-06T22:09:55.537000,45.88
2025-05-06T22:09:50.534000,66.63
2025-05-06T22:09:45.531000,63.99
2025-05-06T22:09:40.526000,31.61
2025-05-06T22:09:35.524000,54.07
2025-05-06T22:09:30.521000,13.81
2025-05-06T22:09:25.517000,44.4
2025-05-06T22:09:20.514000,16.88
2025-05-06T22:09:15.511000,17.65
2025-05-06T22:09:10.507000,58.89
2025-05-06T22:09:05.505000,24.63
2025-05-06T22:09:00.501000,52.48
2025-05-06T22:08:55.497000,32.2
2025-05-06T22:08:50.493000,23.79
2025-05-06T22:08:45.490000,49.06
2025-05-06T22:08:40.486000,41.0
2025-05-06T22:08:35.482000,68.01
2025-05-06T22:08:30.478000,78.81
2025-05-06T22:08:25.471000,10.32
2025-05-06T22:08:20.469000,32.85
2025-05-06T22:08:15.465000,27.97
2025-05-06T22:08:10.462000,63.59
2025-05-06T22:08:05.463000,46.72
2025-05-06T22:08:00.458000,68.02
2025-05-06T22:07:55.454000,28.27
2025-05-06T22:07:50.451000,4.64
2025-05-06T22:07:45.446000,58.27
2025-05-06T22:07:40.440000,14.29
2025-05-06T22:07:35.438000,72.85
2025-05-06T22:07:30.433000,52.33
2025-05-06T22:07:25.430000,77.04
2025-05-06T22:07:20.426000,37.6
2025-05-06T22:07:15.432000,87.19
2025-05-06T22:07:10.419000,58.97
2025-05-06T22:07:05.417000,25.38
2025-05-06T22:07:00.413000,79.76
2025-05-06T22:06:55.410000,61.55
2025-05-06T22:06:50.404000,12.33
2025-05-06T22:06:45.401000,70.94
2025-05-06T22:06:40.397000,68.56
2025-05-06T22:06:35.395000,77.51
2025-05-06T22:06:30.392000,51.3
2025-05-06T22:06:25.388000,45.63
2025-05-06T22:06:20.385000,1.71
2025-05-06T22:06:15.381000,72.42
2025-05-06T22:06:10.377000,46.81
2025-05-06T22:06:05.375000,80.76
2025-05-06T22:06:00.371000,23.75
2025-05-06T22:05:55.367000,30.16
2025-05-06T22:05:50.363000,34.14
2025-05-06T22:05:45.358000,81.39
2025-05-06T22:05:40.354000,80.45
2025-05-06T22:05:35.353000,22.84
2025-05-06T22:05:30.346000,85.45
2025-05-06T22:05:25.342000,77.94
2025-05-06T22:05:20.338000,14.28
2025-05-06T22:05:15.335000,59.56
2025-05-06T22:05:10.306000,6.73
2025-05-06T22:05:05.304000,78.2
2025-05-06T22:05:00.300000,31.56
2025-05-06T22:04:55.295000,10.14
2025-05-06T22:04:50.289000,72.34
2025-05-06T22:04:45.285000,72.88
2025-05-06T22:04:40.280000,50.83
2025-05-06T22:04:35.278000,62.02
2025-05-06T22:04:30.274000,20.69
2025-05-06T22:04:25.269000,3.4
2025-05-06T22:04:20.264000,49.65
2025-05-06T22:04:15.259000,12.07
2025-05-06T22:04:10.234000,54.69
2025-05-06T22:04:05.232000,16.11
2025-05-06T22:04:00.223000,0.07
2025-05-06T22:03:55.213000,62.47
2025-05-06T22:03:50.209000,50.17
2025-05-06T22:03:45.203000,71.47
2025-05-06T22:03:40.198000,29.55
2025-05-06T22:03:35.196000,28.78
2025-05-06T22:03:30.191000,73.51
2025-05-06T22:03:25.186000,89.41
2025-05-06T22:03:20.182000,46.16
2025-05-06T22:03:15.183000,14.66
2025-05-06T22:03:10.174000,57.35
2025-05-06T22:03:05.173000,1.55
2025-05-06T22:03:00.168000,73.99
2025-05-06T22:02:55.164000,48.22
2025-05-06T22:02:50.160000,6.74
2025-05-06T22:02:45.157000,47.37
2025-05-06T22:02:40.154000,7.92
2025-05-06T22:02:35.151000,65.92
2025-05-06T22:02:30.144000,61.96
2025-05-06T22:02:25.140000,27.76
2025-05-06T22:02:20.135000,26.51
2025-05-06T22:02:15.130000,16.8
2025-05-06T22:02:10.126000,70.77
2025-05-06T22:02:05.116000,25.06
2025-05-06T22:02:00.111000,41.48
2025-05-06T22:01:55.107000,82.76
2025-05-06T22:01:50.103000,25.48
2025-05-06T22:01:45.096000,69.79
2025-05-06T22:01:40.080000,58.21
2025-05-06T22:01:35.086000,72.07
2025-05-06T22:01:30.083000,45.78
2025-05-06T22:01:25.076000,86.31
2025-05-06T22:01:20.069000,57.36
2025-05-06T22:01:15.079000,36.7
2025-05-06T22:01:10.062000,84.98
2025-05-06T22:01:05.061000,16.91
2025-05-06T22:01:00.039000,56.43
2025-05-06T22:00:55.034000,74.33
2025-05-06T22:00:50.030000,75.19
2025-05-06T22:00:45.026000,75.84
2025-05-06T22:00:40.020000,81.94
2025-05-06T22:00:35.019000,80.56
2025-05-06T22:00:30.012000,46.62
2025-05-06T22:00:24.989000,37.99
2025-05-06T22:00:19.985000,35.83
2025-05-06T22:00:14.981000,85.13
2025-05-06T22:00:09.975000,87.28
2025-05-06T22:00:04.973000,73.84
2025-05-06T21:59:59.967000,77.93
2025-05-06T21:59:54.961000,2.26
2025-05-06T21:59:49.957000,66.66
2025-05-06T21:59:44.951000,40.42
2025-05-06T21:59:39.946000,6.86
2025-05-06T21:59:34.944000,70.88
2025-05-06T21:59:29.939000,88.0
2025-05-06T21:59:24.932000,56.04
2025-05-06T21:59:19.927000,69.35
2025-05-06T21:59:14.926000,28.1
2025-05-06T21:59:09.917000,23.14
2025-05-06T21:59:04.916000,14.65
2025-05-06T21:58:59.911000,27.84
2025-05-06T21:58:54.907000,57.43
2025-05-06T21:58:49.902000,45.72
2025-05-06T21:58:44.897000,38.67
2025-05-06T21:58:39.885000,16.8
2025-05-06T21:58:34.882000,41.79
2025-05-06T21:58:29.879000,3.19
2025-05-06T21:58:24.855000,77.12
2025-05-06T21:58:19.849000,24.46
2025-05-06T21:58:14.845000,46.29
2025-05-06T21:58:09.841000,80.42
2025-05-06T21:58:04.840000,14.27
2025-05-06T21:57:59.836000,84.9
2025-05-06T21:57:54.830000,53.7
2025-05-06T21:57:49.824000,40.09
2025-05-06T21:57:44.820000,86.91
2025-05-06T21:57:39.815000,2.34
2025-05-06T21:57:34.813000,74.45
2025-05-06T21:57:29.806000,16.56
2025-05-06T21:57:24.801000,78.26
2025-05-06T21:57:19.796000,21.36
2025-05-06T21:57:14.796000,77.32
2025-05-06T21:57:09.788000,45.85
2025-05-06T21:57:04.788000,30.81
2025-05-06T21:56:59.784000,88.68
2025-05-06T21:56:54.768000,39.18
2025-05-06T21:56:49.762000,56.84
2025-05-06T21:56:44.757000,55.91
2025-05-06T21:56:39.753000,24.0
2025-05-06T21:56:34.749000,73.28
2025-05-06T21:56:29.740000,73.68
2025-05-06T21:56:24.735000,70.48
2025-05-06T21:56:19.731000,79.64
2025-05-06T21:56:14.727000,61.02
2025-05-06T21:56:09.722000,52.39
2025-05-06T21:56:04.719000,78.28
2025-05-06T21:55:59.713000,75.59
2025-05-06T21:55:54.709000,47.06
2025-05-06T21:55:49.704000,65.17
2025-05-06T21:55:44.700000,26.84
2025-05-06T21:55:39.696000,74.31
2025-05-06T21:55:34.693000,22.87
2025-05-06T21:55:29.688000,87.71
2025-05-06T21:55:24.683000,12.13
2025-05-06T21:55:19.679000,61.19
2025-05-06T21:55:14.671000,47.53
2025-05-06T21:55:09.660000,66.81
2025-05-06T21:55:04.658000,17.49
2025-05-06T21:54:59.654000,37.7
2025-05-06T21:54:54.649000,79.07
2025-05-06T21:54:49.646000,48.95
2025-05-06T21:54:44.641000,50.73
2025-05-06T21:54:39.596000,40.15
2025-05-06T21:54:34.592000,33.98
2025-05-06T21:54:29.589000,36.8
2025-05-06T21:54:24.578000,29.44
2025-05-06T21:54:19.574000,76.92
2025-05-06T21:54:14.569000,77.14
2025-05-06T21:54:09.566000,44.0
2025-05-06T21:54:04.561000,69.22
2025-05-06T21:53:59.555000,52.89
2025-05-06T21:53:54.551000,57.7
2025-05-06T21:53:49.547000,57.31
2025-05-06T21:53:44.543000,63.58
2025-05-06T21:53:39.540000,56.59
2025-05-06T21:53:34.579000,26.64
2025-05-06T21:53:29.529000,74.42
2025-05-06T21:53:24.525000,85.3
2025-05-06T21:53:19.519000,80.98
2025-05-06T21:53:14.515000,16.21
2025-05-06T21:53:09.511000,41.69
2025-05-06T21:53:04.506000,55.72
2025-05-06T21:52:59.500000,41.42
2025-05-06T21:52:54.496000,43.36
2025-05-06T21:52:49.491000,83.75
2025-05-06T21:52:44.488000,2.16
2025-05-06T21:52:39.485000,26.11
2025-05-06T21:52:34.481000,89.87
2025-05-06T21:52:29.478000,19.33
2025-05-06T21:52:24.473000,71.62
2025-05-06T21:52:19.466000,66.63
2025-05-06T21:52:14.462000,76.7
2025-05-06T21:52:09.461000,68.74
2025-05-06T21:52:04.458000,44.12
2025-05-06T21:51:59.453000,76.23
2025-05-06T21:51:54.446000,33.1
2025-05-06T21:51:49.441000,55.63
2025-05-06T21:51:44.415000,53.36
2025-05-06T21:51:39.412000,44.16
2025-05-06T21:51:34.409000,41.96
2025-05-06T21:51:29.403000,70.19
2025-05-06T21:51:24.378000,4.7
2025-05-06T21:51:19.371000,75.87
2025-05-06T21:51:14.324000,13.33
2025-05-06T21:51:09.298000,51.58
2025-05-06T21:51:04.294000,54.0
2025-05-06T21:50:59.290000,75.06
2025-05-06T21:50:54.286000,59.96
2025-05-06T21:50:49.281000,55.56
2025-05-06T21:50:44.276000,33.19
2025-05-06T21:50:39.275000,58.17
2025-05-06T21:50:34.270000,56.5
2025-05-06T21:50:29.264000,11.9
2025-05-06T21:50:24.261000,12.99
2025-05-06T21:50:19.254000,65.29
2025-05-06T21:50:14.248000,72.3
2025-05-06T21:50:09.246000,65.91
2025-05-06T21:50:04.243000,1.38
2025-05-06T21:49:59.239000,13.63
2025-05-06T21:49:54.235000,88.1
2025-05-06T21:49:49.229000,64.01
2025-05-06T21:49:44.223000,43.27
2025-05-06T21:49:39.221000,71.95
2025-05-06T21:49:34.217000,52.85
2025-05-06T21:49:29.213000,33.57
2025-05-06T21:49:24.208000,29.4
2025-05-06T21:49:19.203000,41.49
2025-05-06T21:49:14.199000,41.73
2025-05-06T21:49:09.195000,56.27
2025-05-06T21:49:04.191000,35.28
2025-05-06T21:48:59.187000,78.75
2025-05-06T21:48:54.181000,75.17
2025-05-06T21:48:49.176000,46.2
2025-05-06T21:48:44.166000,57.07
2025-05-06T21:48:39.166000,67.86
2025-05-06T21:48:34.160000,20.12
2025-05-06T21:48:29.152000,18.38
2025-05-06T21:48:24.145000,47.68
2025-05-06T21:48:19.138000,76.11
2025-05-06T21:48:14.130000,70.42
2025-05-06T21:48:09.126000,0.37
2025-05-06T21:48:04.122000,23.54
2025-05-06T21:47:59.117000,46.7
2025-05-06T21:47:54.111000,54.87
2025-05-06T21:47:49.105000,53.95
2025-05-06T21:47:44.098000,45.89
2025-05-06T21:47:39.094000,4.35
2025-05-06T21:47:34.090000,19.1
2025-05-06T21:47:29.086000,77.1
2025-05-06T21:47:24.082000,51.24
2025-05-06T21:47:19.078000,36.61
2025-05-06T21:47:14.075000,33.9
2025-05-06T21:47:09.071000,7.58
2025-05-06T21:47:04.067000,62.26
2025-05-06T21:46:59.063000,15.41
2025-05-06T21:46:54.059000,13.34
2025-05-06T21:46:49.054000,55.87
2025-05-06T21:46:44.050000,27.29
2025-05-06T21:46:39.047000,83.71
2025-05-06T21:46:34.044000,69.08
2025-05-06T21:46:29.039000,71.2
2025-05-06T21:46:24.036000,87.49
2025-05-06T21:46:19.032000,32.22
2025-05-06T21:46:14.028000,61.37
2025-05-06T21:46:09.026000,11.05
2025-05-06T21:46:04.021000,45.55
2025-05-06T21:45:59.015000,53.43
2025-05-06T21:45:54.011000,39.56
2025-05-06T21:45:49.006000,48.26
2025-05-06T21:45:44,20.08
2025-05-06T21:45:38.999000,84.56
2025-05-06T21:45:33.993000,18.46
2025-05-06T21:45:28.987000,52.49
2025-05-06T21:45:23.983000,34.75
2025-05-06T21:45:18.979000,85.09
2025-05-06T21:45:13.975000,59.11
2025-05-06T21:45:08.972000,31.21
2025-05-06T21:45:03.967000,55.24
2025-05-06T21:44:58.962000,34.28
2025-05-06T21:44:53.957000,48.72
2025-05-06T21:44:48.953000,83.28
2025-05-06T21:44:43.917000,78.47
2025-05-06T21:44:38.915000,5.97
2025-05-06T21:44:33.909000,7.54
2025-05-06T21:44:28.893000,11.1
2025-05-06T21:44:23.889000,28.82
2025-05-06T21:44:18.885000,22.51
2025-05-06T21:44:13.882000,58.78
2025-05-06T21:44:08.839000,72.09
2025-05-06T21:44:03.834000,22.95
2025-05-06T21:43:58.825000,11.13
2025-05-06T21:43:53.819000,14.11
2025-05-06T21:43:48.813000,69.87
2025-05-06T21:43:43.809000,21.67
2025-05-06T21:43:38.807000,66.36
2025-05-06T21:43:33.805000,78.66
2025-05-06T21:43:28.801000,82.55
2025-05-06T21:43:23.799000,71.46
2025-05-06T21:43:18.792000,69.79
2025-05-06T21:43:13.710000,44.69
2025-05-06T21:43:08.707000,55.26
2025-05-06T21:43:03.701000,59.13
2025-05-06T21:42:58.697000,67.69
2025-05-06T21:42:53.689000,1.3
2025-05-06T21:42:48.682000,78.48
2025-05-06T21:42:43.677000,28.4
2025-05-06T21:42:38.674000,34.6
2025-05-06T21:42:33.669000,62.36
2025-05-06T21:42:28.665000,20.45
2025-05-06T21:42:23.661000,21.93
2025-05-06T21:42:18.656000,40.5
2025-05-06T21:42:13.651000,18.71
2025-05-06T21:42:08.649000,65.1
2025-05-06T21:42:03.645000,20.02
2025-05-06T21:41:58.640000,45.78
2025-05-06T21:41:53.637000,44.93
2025-05-06T21:41:48.632000,65.52
2025-05-06T21:41:43.628000,2.18
2025-05-06T21:41:38.626000,53.72
2025-05-06T21:41:33.615000,73.97
2025-05-06T21:41:28.607000,12.82
2025-05-06T21:41:23.601000,77.06
2025-05-06T21:41:18.596000,34.74
2025-05-06T21:41:13.592000,46.33
2025-05-06T21:41:08.587000,12.46
2025-05-06T21:41:03.583000,81.58
2025-05-06T21:40:58.580000,75.73
2025-05-06T21:40:53.572000,54.45
2025-05-06T21:40:48.567000,77.67
2025-05-06T21:40:43.563000,42.64
2025-05-06T21:40:38.561000,71.07
2025-05-06T21:40:33.557000,26.39
2025-05-06T21:40:28.552000,31.28
2025-05-06T21:40:23.547000,74.71
2025-05-06T21:40:18.523000,38.77
2025-05-06T21:40:13.520000,59.35
2025-05-06T21:40:08.514000,62.86
2025-05-06T21:40:03.507000,34.95
2025-05-06T21:39:58.501000,51.64
2025-05-06T21:39:53.497000,88.45
2025-05-06T21:39:48.493000,58.44
2025-05-06T21:39:43.485000,71.47
2025-05-06T21:39:38.478000,27.48
2025-05-06T21:39:33.473000,44.9
2025-05-06T21:39:28.467000,24.27
2025-05-06T21:39:23.463000,4.12
2025-05-06T21:39:18.457000,3.1
2025-05-06T21:39:13.453000,3.2
2025-05-06T21:39:08.442000,54.15
2025-05-06T21:39:03.435000,0.98
2025-05-06T21:38:58.429000,43.27
2025-05-06T21:38:53.423000,26.03
2025-05-06T21:38:48.419000,53.34
2025-05-06T21:38:43.414000,48.39
2025-05-06T21:38:38.412000,41.16
2025-05-06T21:38:33.408000,72.71
2025-05-06T21:38:28.402000,58.2
2025-05-06T21:38:23.390000,72.17
2025-05-06T21:38:18.374000,6.63
2025-05-06T21:38:13.372000,74.3
2025-05-06T21:38:08.354000,41.16
2025-05-06T21:38:03.345000,54.68
2025-05-06T21:37:58.332000,11.49
2025-05-06T21:37:53.326000,19.28
2025-05-06T21:37:48.322000,10.55
2025-05-06T21:37:43.312000,36.62
2025-05-06T21:37:38.307000,18.44
2025-05-06T21:37:33.291000,41.67
2025-05-06T21:37:28.273000,20.69
2025-05-06T21:37:23.256000,53.78
2025-05-06T21:37:18.247000,36.38
2025-05-06T21:37:13.246000,88.79
2025-05-06T21:37:08.240000,67.2
2025-05-06T21:37:03.235000,27.37
2025-05-06T21:36:58.230000,21.44
2025-05-06T21:36:53.226000,24.71
2025-05-06T21:36:48.218000,65.17
2025-05-06T21:36:43.202000,82.39
2025-05-06T21:36:38.197000,57.96
2025-05-06T21:36:33.192000,26.72
2025-05-06T21:36:28.186000,85.64
2025-05-06T21:36:23.180000,45.56
2025-05-06T21:36:18.174000,15.51
2025-05-06T21:36:13.167000,0.04
2025-05-06T21:36:08.164000,4.81
2025-05-06T21:36:03.159000,49.75
2025-05-06T21:35:58.153000,0.01
2025-05-06T21:35:53.148000,35.35
2025-05-06T21:35:48.143000,32.32
2025-05-06T21:35:43.137000,34.36
2025-05-06T21:35:38.130000,64.07
2025-05-06T21:35:33.115000,79.09
2025-05-06T21:35:28.108000,60.95
2025-05-06T21:35:23.104000,10.39
2025-05-06T21:35:18.098000,61.46
2025-05-06T21:35:13.091000,67.45
2025-05-06T21:35:08.069000,38.5
2025-05-06T21:35:03.065000,53.25
2025-05-06T21:34:58.054000,33.05
2025-05-06T21:34:53.049000,78.47
2025-05-06T21:34:48.030000,13.27
2025-05-06T21:34:43.032000,61.08
2025-05-06T21:34:37.999000,65.04
2025-05-06T21:34:32.994000,76.79
2025-05-06T21:34:27.960000,69.59
2025-05-06T21:34:22.957000,52.55
2025-05-06T21:34:17.951000,35.94
2025-05-06T21:34:12.947000,9.67
2025-05-06T21:34:07.944000,34.01
2025-05-06T21:34:02.939000,2.58
2025-05-06T21:33:57.933000,32.94
2025-05-06T21:33:52.932000,57.15
2025-05-06T21:33:47.913000,1.89
2025-05-06T21:33:43.521000,42.65
