timestamp,Power
2025-05-07T15:07:41.362000,26.46
2025-05-07T15:07:36.358000,60.19
2025-05-07T15:07:31.354000,33.63
2025-05-07T15:07:26.348000,47.52
2025-05-07T15:07:21.345000,59.91
2025-05-07T15:07:16.342000,60.01
2025-05-07T15:07:11.337000,28.59
2025-05-07T15:07:06.330000,46.47
2025-05-07T15:07:01.326000,46.68
2025-05-07T15:06:56.322000,44.13
2025-05-07T15:06:51.316000,50.12
2025-05-07T15:06:46.311000,67.58
2025-05-07T15:06:41.307000,64.31
2025-05-07T15:06:36.302000,20.49
2025-05-07T15:06:31.297000,23.24
2025-05-07T15:06:26.286000,52.58
2025-05-07T15:06:21.282000,62.81
2025-05-07T15:06:16.282000,57.12
2025-05-07T15:06:11.276000,56.25
2025-05-07T15:06:06.273000,28.77
2025-05-07T15:06:01.268000,70.75
2025-05-07T15:05:56.259000,41.09
2025-05-07T15:05:51.254000,62.04
2025-05-07T15:05:46.252000,30.02
2025-05-07T15:05:41.247000,25.21
2025-05-07T15:05:36.242000,24.8
2025-05-07T15:05:31.235000,64.43
2025-05-07T15:05:26.229000,41.23
2025-05-07T15:05:21.225000,52.36
2025-05-07T15:05:16.221000,37.03
2025-05-07T15:05:11.215000,31.73
2025-05-07T15:05:06.211000,28.06
2025-05-07T15:05:01.205000,44.22
2025-05-07T15:04:56.201000,40.73
2025-05-07T15:04:51.198000,31.66
2025-05-07T15:04:46.195000,33.67
2025-05-07T15:04:41.189000,56.4
2025-05-07T15:04:36.183000,62.47
2025-05-07T15:04:31.178000,48.62
2025-05-07T15:04:26.174000,31.66
2025-05-07T15:04:21.170000,52.56
2025-05-07T15:04:16.165000,58.09
2025-05-07T15:04:11.159000,57.13
2025-05-07T15:04:06.154000,36.24
2025-05-07T15:04:01.150000,25.23
2025-05-07T15:03:56.144000,51.04
2025-05-07T15:03:51.137000,28.17
2025-05-07T15:03:46.134000,49.43
2025-05-07T15:03:41.130000,44.71
2025-05-07T15:03:36.120000,53.54
2025-05-07T15:03:31.115000,63.51
2025-05-07T15:03:26.106000,29.79
2025-05-07T15:03:21.101000,43.87
2025-05-07T15:03:16.096000,45.29
2025-05-07T15:03:11.086000,50.73
2025-05-07T15:03:06.080000,56.68
2025-05-07T15:03:01.074000,40.41
2025-05-07T15:02:56.067000,28.95
2025-05-07T15:02:51.055000,38.05
2025-05-07T15:02:46.052000,21.28
2025-05-07T15:02:41.042000,44.71
2025-05-07T15:02:36.033000,50.9
2025-05-07T15:02:31.025000,37.95
2025-05-07T15:02:26.019000,52.67
2025-05-07T15:02:21.015000,42.86
2025-05-07T15:02:16.012000,37.7
2025-05-07T15:02:11.006000,32.81
2025-05-07T15:02:06.002000,46.55
2025-05-07T15:02:00.997000,40.6
2025-05-07T15:01:55.990000,37.45
2025-05-07T15:01:50.985000,59.34
2025-05-07T15:01:45.983000,26.4
2025-05-07T15:01:40.979000,27.67
2025-05-07T15:01:35.975000,35.03
2025-05-07T15:01:30.951000,46.07
2025-05-07T15:01:25.945000,46.81
2025-05-07T15:01:20.940000,48.45
2025-05-07T15:01:15.937000,69.05
2025-05-07T15:01:10.929000,41.57
2025-05-07T15:01:05.923000,29.92
2025-05-07T15:01:00.918000,36.22
2025-05-07T15:00:55.913000,62.76
2025-05-07T15:00:50.907000,27.63
2025-05-07T15:00:45.905000,41.1
2025-05-07T15:00:40.898000,51.6
2025-05-07T15:00:35.894000,52.13
2025-05-07T15:00:30.888000,48.46
2025-05-07T15:00:25.884000,51.72
2025-05-07T15:00:20.880000,52.02
2025-05-07T15:00:15.877000,41.61
2025-05-07T15:00:10.872000,27.37
2025-05-07T15:00:05.867000,23.65
2025-05-07T15:00:00.863000,25.21
2025-05-07T14:59:55.860000,56.76
2025-05-07T14:59:50.856000,51.24
2025-05-07T14:59:45.854000,60.39
2025-05-07T14:59:40.847000,39.87
2025-05-07T14:59:35.841000,56.87
2025-05-07T14:59:30.837000,39.69
2025-05-07T14:59:25.832000,50.87
2025-05-07T14:59:20.828000,62.65
2025-05-07T14:59:15.824000,46.41
2025-05-07T14:59:10.817000,54.76
2025-05-07T14:59:05.814000,53.21
2025-05-07T14:59:00.810000,51.62
2025-05-07T14:58:55.805000,35.39
2025-05-07T14:58:50.801000,32.09
2025-05-07T14:58:45.801000,39.73
2025-05-07T14:58:40.792000,61.86
2025-05-07T14:58:35.784000,44.96
2025-05-07T14:58:30.779000,44.81
2025-05-07T14:58:25.776000,51.78
2025-05-07T14:58:20.770000,22.75
2025-05-07T14:58:15.768000,36.06
2025-05-07T14:58:10.763000,25.96
2025-05-07T14:58:05.758000,50.69
2025-05-07T14:58:00.750000,34.92
2025-05-07T14:57:55.743000,41.72
2025-05-07T14:57:50.739000,19.0
2025-05-07T14:57:45.735000,23.49
2025-05-07T14:57:40.730000,34.84
2025-05-07T14:57:35.726000,46.47
2025-05-07T14:57:30.721000,36.69
2025-05-07T14:57:25.716000,45.78
2025-05-07T14:57:20.711000,30.49
2025-05-07T14:57:15.704000,37.87
2025-05-07T14:57:10.700000,29.13
2025-05-07T14:57:05.695000,55.26
2025-05-07T14:57:00.688000,27.1
2025-05-07T14:56:55.681000,30.71
2025-05-07T14:56:50.675000,30.81
2025-05-07T14:56:45.673000,24.66
2025-05-07T14:56:40.669000,43.28
2025-05-07T14:56:35.665000,32.76
2025-05-07T14:56:30.662000,52.78
2025-05-07T14:56:25.657000,57.63
2025-05-07T14:56:20.653000,52.47
2025-05-07T14:56:15.651000,31.14
2025-05-07T14:56:10.641000,67.79
2025-05-07T14:56:05.638000,56.6
2025-05-07T14:56:00.635000,60.94
2025-05-07T14:55:55.631000,38.0
2025-05-07T14:55:50.627000,54.71
2025-05-07T14:55:45.625000,23.97
2025-05-07T14:55:40.620000,37.82
2025-05-07T14:55:35.616000,50.03
2025-05-07T14:55:30.612000,37.37
2025-05-07T14:55:25.608000,25.6
2025-05-07T14:55:20.600000,58.4
2025-05-07T14:55:15.598000,61.5
2025-05-07T14:55:10.593000,44.97
2025-05-07T14:55:05.589000,59.43
2025-05-07T14:55:00.585000,59.83
2025-05-07T14:54:55.582000,21.6
2025-05-07T14:54:50.578000,24.56
2025-05-07T14:54:45.576000,45.77
2025-05-07T14:54:40.573000,58.61
2025-05-07T14:54:35.569000,63.95
2025-05-07T14:54:30.564000,32.51
2025-05-07T14:54:25.560000,58.08
2025-05-07T14:54:20.557000,34.76
2025-05-07T14:54:15.556000,21.82
2025-05-07T14:54:10.551000,51.21
2025-05-07T14:54:05.547000,43.24
2025-05-07T14:54:00.542000,55.15
2025-05-07T14:53:55.536000,43.76
2025-05-07T14:53:50.532000,47.39
2025-05-07T14:53:45.530000,23.75
2025-05-07T14:53:40.525000,56.85
2025-05-07T14:53:35.515000,58.39
2025-05-07T14:53:30.507000,41.06
2025-05-07T14:53:25.496000,55.27
2025-05-07T14:53:20.491000,43.51
2025-05-07T14:53:15.489000,47.21
2025-05-07T14:53:10.482000,62.32
2025-05-07T14:53:05.472000,68.4
2025-05-07T14:53:00.468000,26.29
2025-05-07T14:52:55.451000,41.95
2025-05-07T14:52:50.446000,35.99
2025-05-07T14:52:45.444000,56.09
2025-05-07T14:52:40.433000,32.24
2025-05-07T14:52:35.426000,70.38
2025-05-07T14:52:30.422000,54.61
2025-05-07T14:52:25.417000,30.2
2025-05-07T14:52:20.413000,20.86
2025-05-07T14:52:15.411000,64.32
2025-05-07T14:52:10.408000,30.38
2025-05-07T14:52:05.404000,31.17
2025-05-07T14:52:00.388000,44.28
2025-05-07T14:51:55.381000,52.85
2025-05-07T14:51:50.376000,50.71
2025-05-07T14:51:45.371000,43.37
2025-05-07T14:51:40.365000,36.45
2025-05-07T14:51:35.360000,53.32
2025-05-07T14:51:30.355000,62.04
2025-05-07T14:51:25.346000,47.3
2025-05-07T14:51:20.341000,51.09
2025-05-07T14:51:15.338000,48.0
2025-05-07T14:51:10.333000,34.61
2025-05-07T14:51:05.324000,62.73
2025-05-07T14:51:00.320000,46.63
2025-05-07T14:50:55.316000,36.02
2025-05-07T14:50:50.312000,49.74
2025-05-07T14:50:45.309000,42.14
2025-05-07T14:50:40.306000,28.65
2025-05-07T14:50:35.302000,31.47
2025-05-07T14:50:30.296000,54.43
2025-05-07T14:50:25.291000,41.97
2025-05-07T14:50:20.286000,39.61
2025-05-07T14:50:15.283000,56.23
2025-05-07T14:50:10.279000,48.27
2025-05-07T14:50:05.275000,46.64
2025-05-07T14:50:00.269000,22.65
2025-05-07T14:49:55.263000,42.81
2025-05-07T14:49:50.260000,58.38
2025-05-07T14:49:45.259000,31.27
2025-05-07T14:49:40.254000,31.58
2025-05-07T14:49:35.250000,39.63
2025-05-07T14:49:30.244000,45.26
2025-05-07T14:49:25.237000,31.38
2025-05-07T14:49:20.233000,62.66
2025-05-07T14:49:15.232000,34.36
2025-05-07T14:49:10.227000,38.73
2025-05-07T14:49:05.221000,47.29
2025-05-07T14:49:00.215000,24.06
2025-05-07T14:48:55.211000,47.7
2025-05-07T14:48:50.206000,54.91
2025-05-07T14:48:45.204000,36.22
2025-05-07T14:48:40.201000,60.94
2025-05-07T14:48:35.190000,43.47
2025-05-07T14:48:30.185000,66.41
2025-05-07T14:48:25.180000,62.47
2025-05-07T14:48:20.176000,63.87
2025-05-07T14:48:15.176000,45.85
2025-05-07T14:48:10.170000,31.79
2025-05-07T14:48:05.166000,39.82
2025-05-07T14:48:00.162000,48.25
2025-05-07T14:47:55.157000,45.16
2025-05-07T14:47:50.154000,49.06
2025-05-07T14:47:45.153000,60.32
2025-05-07T14:47:40.148000,37.61
2025-05-07T14:47:35.144000,37.02
2025-05-07T14:47:30.140000,32.9
2025-05-07T14:47:25.134000,36.6
2025-05-07T14:47:20.131000,47.42
2025-05-07T14:47:15.130000,63.7
2025-05-07T14:47:10.127000,31.28
2025-05-07T14:47:05.120000,54.8
2025-05-07T14:47:00.115000,55.12
2025-05-07T14:46:55.110000,48.65
2025-05-07T14:46:50.104000,34.56
2025-05-07T14:46:45.102000,43.48
2025-05-07T14:46:40.098000,51.2
2025-05-07T14:46:35.094000,24.71
2025-05-07T14:46:30.072000,34.92
2025-05-07T14:46:25.061000,49.91
2025-05-07T14:46:20.055000,50.43
2025-05-07T14:46:15.053000,23.18
2025-05-07T14:46:10.050000,32.95
2025-05-07T14:46:05.045000,60.47
2025-05-07T14:46:00.042000,55.11
2025-05-07T14:45:55.034000,51.64
2025-05-07T14:45:50.028000,43.48
2025-05-07T14:45:45.025000,50.76
2025-05-07T14:45:40.021000,26.83
2025-05-07T14:45:35.017000,47.43
2025-05-07T14:45:30.012000,57.22
2025-05-07T14:45:25.008000,43.33
2025-05-07T14:45:20.004000,27.08
2025-05-07T14:45:14.998000,42.0
2025-05-07T14:45:09.990000,29.35
2025-05-07T14:45:04.967000,38.19
2025-05-07T14:44:59.960000,37.61
2025-05-07T14:44:54.955000,26.24
2025-05-07T14:44:49.951000,20.88
2025-05-07T14:44:44.949000,61.01
2025-05-07T14:44:39.944000,63.1
2025-05-07T14:44:34.941000,34.61
2025-05-07T14:44:29.937000,48.79
2025-05-07T14:44:24.925000,35.38
2025-05-07T14:44:19.919000,38.81
2025-05-07T14:44:14.917000,41.23
2025-05-07T14:44:09.911000,27.3
2025-05-07T14:44:04.908000,38.87
2025-05-07T14:43:59.903000,42.18
2025-05-07T14:43:54.893000,32.55
2025-05-07T14:43:49.888000,26.41
2025-05-07T14:43:44.887000,44.96
2025-05-07T14:43:39.880000,38.67
2025-05-07T14:43:34.876000,29.96
2025-05-07T14:43:29.872000,56.88
2025-05-07T14:43:24.865000,48.9
2025-05-07T14:43:19.859000,49.66
2025-05-07T14:43:14.852000,50.63
2025-05-07T14:43:09.846000,40.51
2025-05-07T14:43:04.842000,48.36
2025-05-07T14:42:59.836000,54.67
2025-05-07T14:42:54.833000,36.41
2025-05-07T14:42:49.829000,65.68
2025-05-07T14:42:44.827000,35.92
2025-05-07T14:42:39.823000,24.79
2025-05-07T14:42:34.819000,32.1
2025-05-07T14:42:29.813000,43.49
2025-05-07T14:42:24.808000,40.21
2025-05-07T14:42:19.804000,32.3
2025-05-07T14:42:14.801000,29.42
2025-05-07T14:42:09.796000,32.91
2025-05-07T14:42:04.792000,25.7
2025-05-07T14:41:59.789000,54.91
2025-05-07T14:41:54.783000,45.1
2025-05-07T14:41:49.779000,47.23
2025-05-07T14:41:44.777000,65.58
2025-05-07T14:41:39.775000,66.56
2025-05-07T14:41:34.772000,31.49
2025-05-07T14:41:29.768000,64.24
2025-05-07T14:41:24.762000,49.77
2025-05-07T14:41:19.758000,43.66
2025-05-07T14:41:14.757000,37.81
2025-05-07T14:41:09.753000,56.49
2025-05-07T14:41:04.750000,24.83
2025-05-07T14:40:35.241000,49.32
2025-05-07T14:40:30.272000,22.34
2025-05-07T14:40:25.413000,39.03
2025-05-07T14:40:20.411000,55.78
2025-05-07T14:40:15.407000,50.66
2025-05-07T14:40:10.402000,27.34
2025-05-07T14:40:05.397000,40.48
2025-05-07T14:40:00.392000,51.74
2025-05-07T14:39:55.387000,68.44
2025-05-07T14:39:50.384000,64.23
2025-05-07T14:39:45.380000,26.5
2025-05-07T14:39:40.374000,29.81
2025-05-07T14:39:35.369000,41.55
2025-05-07T14:39:30.363000,56.15
2025-05-07T14:39:25.357000,28.11
2025-05-07T14:39:20.355000,43.68
2025-05-07T14:39:15.349000,51.56
2025-05-07T14:39:10.345000,54.05
2025-05-07T14:39:05.340000,62.68
2025-05-07T14:39:00.335000,43.03
2025-05-07T14:38:55.330000,41.7
2025-05-07T14:38:50.326000,40.3
2025-05-07T14:38:45.321000,64.51
2025-05-07T14:38:40.316000,29.5
2025-05-07T14:38:35.311000,59.37
2025-05-07T14:38:30.306000,63.47
2025-05-07T14:38:25.302000,54.09
2025-05-07T14:38:20.298000,53.87
2025-05-07T14:38:15.293000,53.28
2025-05-07T14:38:10.288000,43.72
2025-05-07T14:38:05.283000,27.03
2025-05-07T14:38:00.279000,38.11
2025-05-07T14:37:55.275000,30.85
2025-05-07T14:37:50.272000,46.31
2025-05-07T14:37:45.268000,44.09
2025-05-07T14:37:40.263000,59.98
2025-05-07T14:37:35.257000,44.44
2025-05-07T14:37:30.243000,28.91
2025-05-07T14:37:25.238000,42.09
2025-05-07T14:37:20.234000,44.76
2025-05-07T14:37:15.228000,61.08
2025-05-07T14:37:10.220000,24.83
2025-05-07T14:37:05.214000,34.64
2025-05-07T14:37:00.209000,66.04
2025-05-07T14:36:55.179000,31.07
2025-05-07T14:36:50.173000,34.54
2025-05-07T14:36:45.169000,25.63
2025-05-07T14:36:40.164000,53.98
2025-05-07T14:36:35.159000,61.87
2025-05-07T14:36:30.154000,53.57
2025-05-07T14:36:25.150000,72.71
2025-05-07T14:36:20.148000,66.5
2025-05-07T14:36:15.144000,45.69
2025-05-07T14:36:10.140000,27.33
2025-05-07T14:36:05.134000,50.85
2025-05-07T14:36:00.130000,59.0
2025-05-07T14:35:55.125000,36.49
2025-05-07T14:35:50.122000,43.03
2025-05-07T14:35:45.117000,40.24
2025-05-07T14:35:40.112000,24.61
2025-05-07T14:35:35.104000,58.84
2025-05-07T14:35:30.100000,43.71
2025-05-07T14:35:25.094000,49.43
2025-05-07T14:35:20.069000,33.77
2025-05-07T14:35:15.051000,39.17
2025-05-07T14:35:10.047000,69.13
2025-05-07T14:35:05.042000,23.42
2025-05-07T14:35:00.037000,53.69
2025-05-07T14:34:55.031000,67.16
2025-05-07T14:34:50.028000,38.12
2025-05-07T14:34:45.023000,23.39
2025-05-07T14:34:40.017000,50.97
2025-05-07T14:34:35.014000,54.97
2025-05-07T14:34:30.009000,24.84
2025-05-07T14:34:25.004000,31.71
2025-05-07T14:34:20,34.49
2025-05-07T14:34:14.996000,41.31
2025-05-07T14:34:09.991000,32.86
2025-05-07T14:34:04.987000,34.81
2025-05-07T14:33:59.983000,60.4
2025-05-07T14:33:54.980000,27.43
2025-05-07T14:33:49.978000,37.9
2025-05-07T14:33:44.972000,53.75
2025-05-07T14:33:39.961000,61.6
2025-05-07T14:33:34.957000,56.49
2025-05-07T14:33:29.952000,53.68
2025-05-07T14:33:24.947000,49.14
2025-05-07T14:33:19.945000,29.17
2025-05-07T14:33:14.936000,25.3
2025-05-07T14:33:09.933000,48.98
2025-05-07T14:33:04.930000,37.73
2025-05-07T14:32:59.927000,46.13
2025-05-07T14:32:54.923000,51.19
2025-05-07T14:32:49.922000,56.75
2025-05-07T14:32:44.918000,45.57
2025-05-07T14:32:39.913000,54.75
2025-05-07T14:32:34.909000,38.09
2025-05-07T14:32:29.905000,49.06
2025-05-07T14:32:24.901000,30.78
2025-05-07T14:32:19.899000,28.28
2025-05-07T14:32:14.896000,37.1
2025-05-07T14:32:09.892000,24.81
2025-05-07T14:32:04.888000,66.3
2025-05-07T14:31:59.884000,28.14
2025-05-07T14:31:54.881000,35.29
2025-05-07T14:31:49.878000,32.38
2025-05-07T14:31:44.873000,30.07
2025-05-07T14:31:39.868000,27.45
2025-05-07T14:31:34.864000,58.47
2025-05-07T14:31:29.861000,35.31
2025-05-07T14:31:24.857000,44.76
2025-05-07T14:31:19.856000,47.74
2025-05-07T14:31:14.853000,39.8
2025-05-07T14:31:09.850000,25.72
2025-05-07T14:31:04.847000,38.18
2025-05-07T14:30:59.843000,65.67
2025-05-07T14:30:54.839000,69.3
2025-05-07T14:30:49.794000,40.37
2025-05-07T14:30:44.791000,46.54
2025-05-07T14:30:39.787000,21.56
2025-05-07T14:30:34.783000,37.22
2025-05-07T14:30:29.779000,45.26
2025-05-07T14:30:24.776000,49.48
2025-05-07T14:30:19.774000,30.94
2025-05-07T14:30:14.771000,60.4
2025-05-07T14:30:09.768000,38.05
2025-05-07T14:30:04.765000,48.12
2025-05-07T14:29:59.761000,57.21
2025-05-07T14:29:54.758000,35.13
2025-05-07T14:29:49.757000,47.12
2025-05-07T14:29:44.753000,45.38
2025-05-07T14:29:39.749000,33.02
2025-05-07T14:29:34.745000,49.43
2025-05-07T14:29:29.739000,21.95
2025-05-07T14:29:24.743000,47.84
2025-05-07T14:29:19.724000,24.83
2025-05-07T14:29:14.720000,38.79
2025-05-07T14:29:09.717000,47.35
2025-05-07T14:29:04.713000,34.17
2025-05-07T14:28:59.709000,52.81
2025-05-07T14:28:54.705000,40.36
2025-05-07T14:28:49.701000,34.38
2025-05-07T14:28:44.695000,30.84
2025-05-07T14:28:39.691000,65.63
2025-05-07T14:28:34.687000,42.8
2025-05-07T14:28:29.683000,56.21
2025-05-07T14:28:24.678000,50.28
2025-05-07T14:28:19.676000,44.64
2025-05-07T14:28:14.672000,19.47
2025-05-07T14:28:09.669000,68.49
2025-05-07T14:28:04.665000,20.1
2025-05-07T14:27:59.660000,47.71
2025-05-07T14:27:54.656000,33.75
2025-05-07T14:27:49.621000,60.31
2025-05-07T14:27:44.615000,29.22
2025-05-07T14:27:39.611000,49.27
2025-05-07T14:27:34.607000,43.46
2025-05-07T14:27:29.604000,57.36
2025-05-07T14:27:24.599000,34.66
2025-05-07T14:27:19.597000,45.88
2025-05-07T14:27:14.588000,40.07
2025-05-07T14:27:09.496000,54.62
2025-05-07T14:27:04.491000,26.62
2025-05-07T14:26:59.487000,36.22
2025-05-07T14:26:54.478000,56.03
2025-05-07T14:26:49.473000,29.25
2025-05-07T14:26:44.469000,47.88
2025-05-07T14:26:39.464000,36.59
2025-05-07T14:26:34.456000,36.3
2025-05-07T14:26:29.452000,35.94
2025-05-07T14:26:24.447000,39.1
2025-05-07T14:26:19.443000,30.86
2025-05-07T14:26:14.437000,43.91
2025-05-07T14:26:09.431000,31.56
2025-05-07T14:26:04.426000,41.99
2025-05-07T14:25:59.421000,50.87
2025-05-07T14:25:54.421000,57.98
2025-05-07T14:25:49.416000,50.7
2025-05-07T14:25:44.412000,44.76
2025-05-07T14:25:39.406000,35.31
2025-05-07T14:25:34.400000,51.08
2025-05-07T14:25:29.394000,39.17
2025-05-07T14:25:24.390000,44.73
2025-05-07T14:25:19.385000,33.25
2025-05-07T14:25:14.381000,43.72
2025-05-07T14:25:09.376000,35.02
2025-05-07T14:25:04.372000,44.57
2025-05-07T14:24:59.368000,56.68
2025-05-07T14:24:54.364000,47.18
2025-05-07T14:24:49.360000,45.99
2025-05-07T14:24:44.355000,30.59
2025-05-07T14:24:39.350000,45.44
2025-05-07T14:24:34.343000,35.96
2025-05-07T14:24:29.338000,50.21
2025-05-07T14:24:24.334000,51.87
2025-05-07T14:24:19.328000,36.45
2025-05-07T14:24:14.324000,27.5
2025-05-07T14:24:09.319000,59.85
2025-05-07T14:24:04.315000,39.09
2025-05-07T14:23:59.310000,38.48
2025-05-07T14:23:54.305000,43.64
2025-05-07T14:23:49.303000,34.6
2025-05-07T14:23:44.300000,61.84
2025-05-07T14:23:39.295000,50.54
2025-05-07T14:23:34.291000,47.53
2025-05-07T14:23:29.252000,62.31
2025-05-07T14:23:24.246000,29.22
2025-05-07T14:23:19.243000,24.11
2025-05-07T14:23:14.239000,37.3
2025-05-07T14:23:09.234000,57.95
2025-05-07T14:23:04.229000,37.43
2025-05-07T14:22:59.225000,33.43
2025-05-07T14:22:54.221000,33.5
2025-05-07T14:22:49.219000,34.28
2025-05-07T14:22:44.215000,45.4
2025-05-07T14:22:39.203000,65.81
2025-05-07T14:22:34.195000,29.16
2025-05-07T14:22:29.191000,27.56
2025-05-07T14:22:24.188000,57.92
2025-05-07T14:22:19.186000,37.68
2025-05-07T14:22:14.182000,42.58
2025-05-07T14:22:09.178000,47.49
2025-05-07T14:22:04.173000,56.77
2025-05-07T14:21:59.168000,31.26
2025-05-07T14:21:54.164000,43.66
2025-05-07T14:21:49.160000,42.34
2025-05-07T14:21:44.156000,38.91
2025-05-07T14:21:39.152000,44.7
2025-05-07T14:21:34.148000,40.61
2025-05-07T14:21:29.144000,47.9
2025-05-07T14:21:24.137000,42.48
2025-05-07T14:21:19.132000,49.71
2025-05-07T14:21:14.128000,56.78
2025-05-07T14:21:09.125000,46.48
2025-05-07T14:21:04.119000,39.22
2025-05-07T14:20:59.115000,48.63
2025-05-07T14:20:54.111000,34.82
2025-05-07T14:20:49.110000,42.76
2025-05-07T14:20:44.105000,57.12
2025-05-07T14:20:39.101000,67.45
2025-05-07T14:20:34.097000,40.12
2025-05-07T14:20:29.094000,29.44
2025-05-07T14:20:24.089000,43.2
2025-05-07T14:20:19.087000,34.63
2025-05-07T14:20:14.083000,37.56
2025-05-07T14:20:09.079000,41.12
2025-05-07T14:20:04.075000,58.29
2025-05-07T14:19:59.069000,63.6
2025-05-07T14:19:54.065000,61.98
2025-05-07T14:19:49.062000,61.47
2025-05-07T14:19:44.057000,53.34
2025-05-07T14:19:39.053000,33.91
2025-05-07T14:19:34.048000,30.51
2025-05-07T14:19:29.045000,55.39
2025-05-07T14:19:24.040000,63.74
2025-05-07T14:19:19.037000,50.35
2025-05-07T14:19:14.033000,39.66
2025-05-07T14:19:09.027000,30.05
2025-05-07T14:19:04.022000,63.38
2025-05-07T14:18:59.019000,57.48
2025-05-07T14:18:54.015000,67.11
2025-05-07T14:18:49.014000,30.36
2025-05-07T14:18:44.010000,65.34
2025-05-07T14:18:39.006000,53.7
2025-05-07T14:18:34.001000,21.39
2025-05-07T14:18:28.997000,59.64
2025-05-07T14:18:23.994000,30.57
2025-05-07T14:18:18.991000,48.44
2025-05-07T14:18:13.986000,33.96
2025-05-07T14:18:08.981000,30.9
2025-05-07T14:18:03.977000,62.11
2025-05-07T14:17:58.974000,27.67
2025-05-07T14:17:53.970000,36.35
2025-05-07T14:17:48.969000,38.35
2025-05-07T14:17:43.965000,48.92
2025-05-07T14:17:38.962000,37.74
2025-05-07T14:17:33.958000,40.96
2025-05-07T14:17:28.953000,34.1
2025-05-07T14:17:23.950000,29.23
2025-05-07T14:17:18.947000,50.4
2025-05-07T14:17:13.938000,31.56
2025-05-07T14:17:08.934000,53.02
2025-05-07T14:17:03.929000,46.05
2025-05-07T14:16:58.924000,29.8
2025-05-07T14:16:53.919000,33.73
2025-05-07T14:16:48.917000,27.52
2025-05-07T14:16:43.912000,38.0
2025-05-07T14:16:38.909000,52.19
2025-05-07T14:16:33.905000,59.21
2025-05-07T14:16:28.901000,34.52
2025-05-07T14:16:23.891000,66.38
2025-05-07T14:16:18.889000,61.99
2025-05-07T14:16:13.886000,35.83
2025-05-07T14:16:08.882000,30.63
2025-05-07T14:16:03.878000,50.75
2025-05-07T14:15:58.874000,37.09
2025-05-07T14:15:53.869000,19.86
2025-05-07T14:15:48.867000,51.91
2025-05-07T14:15:43.864000,38.8
2025-05-07T14:15:38.859000,29.81
2025-05-07T14:15:33.856000,59.29
2025-05-07T14:15:28.853000,40.21
2025-05-07T14:15:23.849000,56.74
2025-05-07T14:15:18.846000,34.31
2025-05-07T14:15:13.842000,34.22
2025-05-07T14:15:08.838000,29.81
2025-05-07T14:15:03.834000,48.49
2025-05-07T14:14:58.829000,52.93
2025-05-07T14:14:53.826000,47.76
2025-05-07T14:14:48.824000,44.63
2025-05-07T14:14:43.820000,37.55
2025-05-07T14:14:38.816000,47.92
2025-05-07T14:14:33.809000,32.09
2025-05-07T14:14:28.801000,63.01
2025-05-07T14:14:23.796000,66.26
2025-05-07T14:14:18.793000,57.08
2025-05-07T14:14:13.788000,38.26
2025-05-07T14:14:08.784000,33.88
2025-05-07T14:14:03.779000,32.96
2025-05-07T14:13:58.775000,38.82
2025-05-07T14:13:53.771000,35.3
2025-05-07T14:13:48.769000,46.36
2025-05-07T14:13:43.764000,34.36
2025-05-07T14:13:38.761000,33.85
2025-05-07T14:13:33.757000,56.48
2025-05-07T14:13:28.753000,26.15
2025-05-07T14:13:23.749000,30.59
2025-05-07T14:13:18.747000,34.08
2025-05-07T14:13:13.744000,39.94
2025-05-07T14:13:08.739000,28.47
2025-05-07T14:13:03.736000,25.28
2025-05-07T14:12:58.732000,32.03
2025-05-07T14:12:53.728000,61.39
2025-05-07T14:12:48.725000,20.15
2025-05-07T14:12:43.722000,20.94
2025-05-07T14:12:38.718000,44.03
2025-05-07T14:12:33.714000,52.11
2025-05-07T14:12:28.710000,66.96
2025-05-07T14:12:23.706000,32.25
2025-05-07T14:12:18.704000,32.66
2025-05-07T14:12:13.700000,59.71
2025-05-07T14:12:08.697000,44.35
2025-05-07T14:12:03.694000,53.54
2025-05-07T14:11:58.690000,20.82
2025-05-07T14:11:53.687000,24.94
2025-05-07T14:11:48.685000,55.0
2025-05-07T14:11:43.682000,31.41
2025-05-07T14:11:38.677000,63.4
2025-05-07T14:11:33.673000,26.99
2025-05-07T14:11:28.669000,32.01
2025-05-07T14:11:23.664000,43.73
2025-05-07T14:11:18.662000,47.12
2025-05-07T14:11:13.653000,31.37
2025-05-07T14:11:08.649000,63.49
2025-05-07T14:11:03.646000,30.11
2025-05-07T14:10:58.642000,38.0
2025-05-07T14:10:53.639000,37.51
2025-05-07T14:10:48.637000,36.88
2025-05-07T14:10:43.633000,44.6
2025-05-07T14:10:38.628000,31.5
2025-05-07T14:10:33.624000,35.22
2025-05-07T14:10:28.619000,46.24
2025-05-07T14:10:23.610000,50.49
2025-05-07T14:10:18.608000,47.67
2025-05-07T14:10:13.604000,33.93
2025-05-07T14:10:08.601000,28.7
2025-05-07T14:10:03.594000,28.71
2025-05-07T14:09:58.591000,51.6
2025-05-07T14:09:53.561000,26.95
2025-05-07T14:09:48.559000,43.62
2025-05-07T14:09:43.554000,36.1
2025-05-07T14:09:38.550000,39.56
2025-05-07T14:09:33.545000,53.21
2025-05-07T14:09:28.540000,36.69
2025-05-07T14:09:23.530000,24.23
2025-05-07T14:09:18.530000,37.37
2025-05-07T14:09:13.526000,33.35
2025-05-07T14:09:08.522000,40.67
2025-05-07T14:09:03.516000,49.4
2025-05-07T14:08:58.512000,27.97
2025-05-07T14:08:53.507000,44.26
2025-05-07T14:08:48.503000,48.51
2025-05-07T14:08:43.497000,28.18
2025-05-07T14:08:38.492000,48.33
2025-05-07T14:08:33.484000,43.8
2025-05-07T14:08:28.479000,35.61
2025-05-07T14:08:23.474000,46.8
2025-05-07T14:08:18.471000,53.37
2025-05-07T14:08:13.463000,37.48
2025-05-07T14:08:08.457000,35.35
2025-05-07T14:08:03.453000,35.63
2025-05-07T14:07:58.450000,39.76
2025-05-07T14:07:53.428000,58.35
2025-05-07T14:07:48.425000,74.84
2025-05-07T14:07:43.421000,38.69
2025-05-07T14:07:38.416000,66.45
2025-05-07T14:07:33.409000,51.58
2025-05-07T14:07:28.404000,34.59
2025-05-07T14:07:23.399000,48.85
2025-05-07T14:07:18.397000,44.74
2025-05-07T14:07:13.394000,32.37
2025-05-07T14:07:08.385000,47.76
2025-05-07T14:07:03.381000,60.98
2025-05-07T14:06:58.377000,53.4
2025-05-07T14:06:53.372000,60.28
2025-05-07T14:06:48.368000,42.2
2025-05-07T14:06:43.363000,43.24
2025-05-07T14:06:38.358000,32.73
2025-05-07T14:06:33.352000,53.76
2025-05-07T14:06:28.347000,53.99
2025-05-07T14:06:23.343000,40.01
2025-05-07T14:06:18.340000,30.21
2025-05-07T14:06:13.337000,32.35
2025-05-07T14:06:08.333000,24.28
2025-05-07T14:06:03.327000,50.23
2025-05-07T14:05:58.323000,36.46
2025-05-07T14:05:53.319000,55.34
2025-05-07T14:05:48.316000,52.36
2025-05-07T14:05:43.312000,29.9
2025-05-07T14:05:38.307000,60.6
2025-05-07T14:05:33.303000,63.72
2025-05-07T14:05:28.293000,54.04
2025-05-07T14:05:23.287000,34.87
2025-05-07T14:05:18.285000,47.86
2025-05-07T14:05:13.280000,37.37
2025-05-07T14:05:08.277000,27.01
2025-05-07T14:05:03.272000,38.04
2025-05-07T14:04:58.269000,57.25
2025-05-07T14:04:53.265000,48.64
2025-05-07T14:04:48.262000,31.87
2025-05-07T14:04:43.258000,29.94
2025-05-07T14:04:38.254000,57.36
2025-05-07T14:04:33.250000,58.36
2025-05-07T14:04:28.246000,29.35
2025-05-07T14:04:23.242000,44.37
2025-05-07T14:04:18.239000,56.17
2025-05-07T14:04:13.234000,55.16
2025-05-07T14:04:08.229000,63.97
2025-05-07T14:04:03.224000,53.22
2025-05-07T14:03:58.220000,34.22
2025-05-07T14:03:53.217000,50.68
2025-05-07T14:03:48.215000,39.83
2025-05-07T14:03:43.211000,37.94
2025-05-07T14:03:38.207000,52.01
2025-05-07T14:03:33.201000,38.78
2025-05-07T14:03:28.197000,38.34
2025-05-07T14:03:23.194000,23.26
2025-05-07T14:03:18.192000,54.7
2025-05-07T14:03:13.187000,36.82
2025-05-07T14:03:08.182000,36.22
2025-05-07T14:03:03.176000,51.12
2025-05-07T14:02:58.172000,29.11
2025-05-07T14:02:53.168000,37.46
2025-05-07T14:02:48.165000,63.02
2025-05-07T14:02:43.161000,37.5
2025-05-07T14:02:38.153000,46.34
2025-05-07T14:02:33.148000,52.16
2025-05-07T14:02:28.143000,51.79
2025-05-07T14:02:23.138000,25.14
2025-05-07T14:02:18.135000,51.0
2025-05-07T14:02:13.126000,52.62
2025-05-07T14:02:08.120000,17.61
2025-05-07T14:02:03.115000,38.84
2025-05-07T14:01:58.076000,37.49
2025-05-07T14:01:53.066000,43.69
2025-05-07T14:01:48.060000,27.44
2025-05-07T14:01:43.034000,38.81
2025-05-07T14:01:38.026000,31.95
2025-05-07T14:01:33.020000,57.14
2025-05-07T14:01:28.015000,57.8
2025-05-07T14:01:23.003000,59.88
2025-05-07T14:01:18,39.04
2025-05-07T14:01:12.994000,50.85
2025-05-07T14:01:07.989000,46.8
2025-05-07T14:01:02.982000,53.63
2025-05-07T14:00:57.974000,50.93
2025-05-07T14:00:52.967000,59.16
2025-05-07T14:00:47.957000,65.16
2025-05-07T14:00:42.951000,44.7
2025-05-07T14:00:37.947000,45.7
2025-05-07T14:00:32.942000,48.44
2025-05-07T14:00:27.933000,26.35
2025-05-07T14:00:22.923000,35.55
2025-05-07T14:00:17.919000,51.41
2025-05-07T14:00:12.912000,51.37
2025-05-07T14:00:07.908000,53.2
2025-05-07T14:00:02.900000,24.74
2025-05-07T13:59:57.896000,27.14
2025-05-07T13:59:52.890000,48.84
2025-05-07T13:59:47.886000,41.22
2025-05-07T13:59:42.881000,52.0
2025-05-07T13:59:37.875000,45.0
2025-05-07T13:59:32.866000,31.82
2025-05-07T13:59:27.860000,24.26
2025-05-07T13:59:22.854000,39.84
2025-05-07T13:59:17.850000,38.74
2025-05-07T13:59:12.844000,51.1
2025-05-07T13:59:07.840000,66.14
2025-05-07T13:59:02.835000,49.16
2025-05-07T13:58:57.830000,57.32
2025-05-07T13:58:52.822000,46.49
2025-05-07T13:58:47.819000,52.67
2025-05-07T13:58:42.815000,46.63
2025-05-07T13:58:37.809000,25.72
2025-05-07T13:58:32.805000,46.41
2025-05-07T13:58:27.801000,60.84
2025-05-07T13:58:22.796000,29.92
2025-05-07T13:58:17.794000,54.92
2025-05-07T13:58:12.789000,57.73
2025-05-07T13:58:07.785000,41.14
2025-05-07T13:58:02.780000,43.63
2025-05-07T13:57:57.775000,58.03
2025-05-07T13:57:52.769000,48.6
2025-05-07T13:57:47.766000,54.01
2025-05-07T13:57:42.759000,31.56
2025-05-07T13:57:37.752000,50.48
2025-05-07T13:57:32.745000,68.03
2025-05-07T13:57:27.740000,43.83
2025-05-07T13:57:22.734000,53.11
2025-05-07T13:57:17.730000,46.71
2025-05-07T13:57:12.724000,54.19
2025-05-07T13:57:07.721000,53.32
2025-05-07T13:57:02.716000,43.53
2025-05-07T13:56:57.704000,21.24
2025-05-07T13:56:52.698000,46.71
2025-05-07T13:56:47.695000,24.62
2025-05-07T13:56:42.683000,31.73
2025-05-07T13:56:37.677000,51.98
2025-05-07T13:56:32.671000,43.29
2025-05-07T13:56:27.666000,66.23
2025-05-07T13:56:22.662000,28.19
2025-05-07T13:56:17.661000,31.72
2025-05-07T13:56:12.654000,25.47
2025-05-07T13:56:07.650000,41.97
2025-05-07T13:56:02.644000,35.32
2025-05-07T13:55:57.635000,37.88
2025-05-07T13:55:52.630000,37.2
2025-05-07T13:55:47.625000,27.71
2025-05-07T13:55:42.615000,42.92
2025-05-07T13:55:37.610000,28.03
2025-05-07T13:55:32.603000,61.82
2025-05-07T13:55:27.597000,50.16
2025-05-07T13:55:22.591000,35.87
2025-05-07T13:55:17.588000,38.82
2025-05-07T13:55:12.582000,51.66
2025-05-07T13:55:07.577000,46.6
2025-05-07T13:55:02.570000,40.01
2025-05-07T13:54:57.566000,48.92
2025-05-07T13:54:52.560000,43.34
2025-05-07T13:54:47.558000,56.07
2025-05-07T13:54:42.553000,33.98
2025-05-07T13:54:37.547000,27.55
2025-05-07T13:54:32.540000,48.87
2025-05-07T13:54:27.534000,30.31
2025-05-07T13:54:22.529000,40.08
2025-05-07T13:54:17.526000,49.1
2025-05-07T13:54:12.522000,52.25
2025-05-07T13:54:07.517000,34.41
2025-05-07T13:54:02.511000,53.75
2025-05-07T13:53:57.505000,21.59
2025-05-07T13:53:52.499000,42.52
2025-05-07T13:53:47.495000,37.18
2025-05-07T13:53:42.474000,39.14
2025-05-07T13:53:37.469000,41.83
2025-05-07T13:53:32.465000,52.88
2025-05-07T13:53:27.459000,37.22
2025-05-07T13:53:22.455000,43.3
2025-05-07T13:53:17.453000,31.28
2025-05-07T13:53:12.446000,52.64
2025-05-07T13:53:07.438000,42.73
2025-05-07T13:53:02.433000,43.44
2025-05-07T13:52:57.429000,49.7
2025-05-07T13:52:52.424000,23.13
2025-05-07T13:52:47.422000,37.67
2025-05-07T13:52:42.412000,44.68
2025-05-07T13:52:37.397000,35.23
2025-05-07T13:52:32.382000,53.79
2025-05-07T13:52:27.368000,51.29
2025-05-07T13:52:22.360000,48.43
2025-05-07T13:52:17.359000,60.53
2025-05-07T13:52:12.354000,50.47
2025-05-07T13:52:07.348000,36.53
2025-05-07T13:52:02.340000,27.11
2025-05-07T13:51:57.335000,32.01
2025-05-07T13:51:52.330000,42.7
2025-05-07T13:51:47.320000,44.42
2025-05-07T13:51:42.313000,46.34
2025-05-07T13:51:37.306000,35.6
2025-05-07T13:51:32.302000,37.01
2025-05-07T13:51:27.294000,31.09
2025-05-07T13:51:22.291000,31.68
2025-05-07T13:51:17.286000,46.39
2025-05-07T13:51:12.279000,50.12
2025-05-07T13:51:07.271000,50.48
2025-05-07T13:51:02.263000,48.11
2025-05-07T13:50:57.256000,29.21
2025-05-07T13:50:52.254000,32.86
2025-05-07T13:50:47.248000,30.01
2025-05-07T13:50:42.244000,44.08
2025-05-07T13:50:37.239000,51.7
2025-05-07T13:50:32.232000,29.46
2025-05-07T13:50:27.216000,32.08
2025-05-07T13:50:22.211000,58.14
2025-05-07T13:50:17.205000,20.65
2025-05-07T13:50:12.199000,31.96
2025-05-07T13:50:07.194000,49.03
2025-05-07T13:50:02.189000,18.02
2025-05-07T13:49:57.184000,42.11
2025-05-07T13:49:52.182000,41.96
2025-05-07T13:49:47.175000,53.28
2025-05-07T13:49:42.169000,38.96
2025-05-07T13:49:37.164000,37.62
2025-05-07T13:49:32.158000,31.86
2025-05-07T13:49:27.150000,28.01
2025-05-07T13:49:22.144000,33.94
2025-05-07T13:49:17.125000,26.14
2025-05-07T13:49:12.118000,47.08
2025-05-07T13:49:07.114000,47.52
2025-05-07T13:49:02.095000,25.9
2025-05-07T13:48:57.082000,33.05
2025-05-07T13:48:52.037000,36.86
2025-05-07T13:48:47.029000,39.41
2025-05-07T13:48:42.022000,22.81
2025-05-07T13:48:37.016000,63.24
2025-05-07T13:48:32.010000,22.88
2025-05-07T13:48:27.006000,48.92
2025-05-07T13:48:22.001000,38.42
2025-05-07T13:48:16.996000,47.73
2025-05-07T13:48:11.992000,61.71
2025-05-07T13:48:06.980000,66.31
2025-05-07T13:48:01.923000,47.83
2025-05-07T13:47:57.355000,31.91
2025-05-06T22:23:55.590000,43.16
2025-05-06T22:23:50.995000,45.09
2025-05-06T22:23:46.186000,34.17
2025-05-06T22:23:41.182000,63.8
2025-05-06T22:23:36.179000,43.9
2025-05-06T22:23:31.175000,49.42
2025-05-06T22:23:26.170000,44.89
2025-05-06T22:23:21.166000,55.61
2025-05-06T22:23:16.161000,66.12
2025-05-06T22:23:11.156000,61.55
2025-05-06T22:23:06.154000,35.42
2025-05-06T22:23:01.149000,60.93
2025-05-06T22:22:56.144000,31.18
2025-05-06T22:22:51.140000,58.01
2025-05-06T22:22:46.136000,26.82
2025-05-06T22:22:41.131000,59.18
2025-05-06T22:22:36.130000,57.28
2025-05-06T22:22:31.123000,54.97
2025-05-06T22:22:26.119000,46.16
2025-05-06T22:22:21.115000,42.13
2025-05-06T22:22:16.110000,58.88
2025-05-06T22:22:11.107000,54.47
2025-05-06T22:22:06.106000,48.25
2025-05-06T22:22:01.102000,28.99
2025-05-06T22:21:56.098000,35.6
2025-05-06T22:21:51.092000,45.71
2025-05-06T22:21:46.088000,27.1
2025-05-06T22:21:41.084000,46.51
2025-05-06T22:21:36.083000,38.98
2025-05-06T22:21:31.078000,39.44
2025-05-06T22:21:26.073000,46.68
2025-05-06T22:21:21.067000,49.07
2025-05-06T22:21:16.063000,32.43
2025-05-06T22:21:11.058000,35.7
2025-05-06T22:21:06.056000,32.56
2025-05-06T22:21:01.052000,34.88
2025-05-06T22:20:56.047000,41.26
2025-05-06T22:20:51.044000,30.79
2025-05-06T22:20:46.038000,35.73
2025-05-06T22:20:41.033000,29.91
2025-05-06T22:20:36.030000,66.74
2025-05-06T22:20:31.025000,50.51
2025-05-06T22:20:26.021000,31.98
2025-05-06T22:20:21.017000,29.72
2025-05-06T22:20:16.519000,25.12
2025-05-06T22:20:11.007000,33.71
2025-05-06T22:20:06.004000,48.54
2025-05-06T22:20:01,28.59
2025-05-06T22:19:55.997000,48.58
2025-05-06T22:19:50.991000,45.62
2025-05-06T22:19:45.985000,56.07
2025-05-06T22:19:40.981000,28.65
2025-05-06T22:19:35.978000,58.62
2025-05-06T22:19:30.973000,30.61
2025-05-06T22:19:25.968000,56.62
2025-05-06T22:19:20.964000,47.9
2025-05-06T22:19:15.960000,46.6
2025-05-06T22:19:10.956000,51.83
2025-05-06T22:19:05.954000,50.62
2025-05-06T22:19:00.948000,49.65
2025-05-06T22:18:55.944000,54.75
2025-05-06T22:18:50.940000,35.76
2025-05-06T22:18:45.934000,67.54
2025-05-06T22:18:40.931000,70.31
2025-05-06T22:18:35.930000,31.5
2025-05-06T22:18:30.927000,55.18
2025-05-06T22:18:25.922000,48.42
2025-05-06T22:18:20.918000,49.59
2025-05-06T22:18:15.913000,42.87
2025-05-06T22:18:10.909000,64.37
2025-05-06T22:18:05.905000,63.54
2025-05-06T22:18:00.901000,26.27
2025-05-06T22:17:55.896000,37.01
2025-05-06T22:17:50.892000,49.89
2025-05-06T22:17:45.888000,31.23
2025-05-06T22:17:40.885000,49.24
2025-05-06T22:17:35.884000,41.38
2025-05-06T22:17:30.881000,34.96
2025-05-06T22:17:25.875000,61.4
2025-05-06T22:17:20.871000,52.18
2025-05-06T22:17:15.867000,49.04
2025-05-06T22:17:10.861000,59.9
2025-05-06T22:17:05.859000,36.49
2025-05-06T22:17:00.853000,57.52
2025-05-06T22:16:55.848000,33.05
2025-05-06T22:16:50.844000,58.21
2025-05-06T22:16:45.841000,50.05
2025-05-06T22:16:40.838000,59.88
2025-05-06T22:16:35.836000,57.14
2025-05-06T22:16:30.830000,46.98
2025-05-06T22:16:25.826000,50.04
2025-05-06T22:16:20.821000,25.66
2025-05-06T22:16:15.816000,27.4
2025-05-06T22:16:10.813000,27.34
2025-05-06T22:16:05.810000,49.8
2025-05-06T22:16:00.806000,38.22
2025-05-06T22:15:55.802000,50.01
2025-05-06T22:15:50.799000,47.81
2025-05-06T22:15:45.794000,51.77
2025-05-06T22:15:40.789000,59.55
2025-05-06T22:15:35.788000,38.3
2025-05-06T22:15:30.784000,30.58
2025-05-06T22:15:25.780000,38.14
2025-05-06T22:15:20.776000,53.92
2025-05-06T22:15:15.777000,36.63
2025-05-06T22:15:10.769000,33.04
2025-05-06T22:15:05.768000,32.49
2025-05-06T22:15:00.765000,31.49
2025-05-06T22:14:55.754000,51.62
2025-05-06T22:14:50.748000,41.09
2025-05-06T22:14:45.735000,65.72
2025-05-06T22:14:40.731000,62.09
2025-05-06T22:14:35.729000,39.71
2025-05-06T22:14:30.723000,25.82
2025-05-06T22:14:25.716000,23.31
2025-05-06T22:14:20.713000,67.73
2025-05-06T22:14:15.708000,48.55
2025-05-06T22:14:10.703000,46.86
2025-05-06T22:14:05.704000,45.29
2025-05-06T22:14:00.700000,59.8
2025-05-06T22:13:55.696000,45.24
2025-05-06T22:13:50.693000,34.77
2025-05-06T22:13:45.689000,53.16
2025-05-06T22:13:40.685000,41.71
2025-05-06T22:13:35.685000,35.17
2025-05-06T22:13:30.682000,28.08
2025-05-06T22:13:25.678000,53.12
2025-05-06T22:13:20.675000,30.67
2025-05-06T22:13:15.671000,52.91
2025-05-06T22:13:10.668000,42.61
2025-05-06T22:13:05.666000,28.61
2025-05-06T22:13:00.662000,48.86
2025-05-06T22:12:55.659000,29.4
2025-05-06T22:12:50.654000,23.84
2025-05-06T22:12:45.651000,38.98
2025-05-06T22:12:40.646000,52.17
2025-05-06T22:12:35.644000,46.25
2025-05-06T22:12:30.638000,38.75
2025-05-06T22:12:25.635000,55.0
2025-05-06T22:12:20.632000,43.32
2025-05-06T22:12:15.629000,31.19
2025-05-06T22:12:10.625000,30.84
2025-05-06T22:12:05.624000,60.06
2025-05-06T22:12:00.620000,55.69
2025-05-06T22:11:55.617000,67.06
2025-05-06T22:11:50.613000,43.48
2025-05-06T22:11:45.610000,34.6
2025-05-06T22:11:40.606000,38.36
2025-05-06T22:11:35.606000,56.08
2025-05-06T22:11:30.602000,21.03
2025-05-06T22:11:25.597000,31.66
2025-05-06T22:11:20.594000,39.71
2025-05-06T22:11:15.592000,46.58
2025-05-06T22:11:10.587000,46.9
2025-05-06T22:11:05.584000,55.39
2025-05-06T22:11:00.580000,40.6
2025-05-06T22:10:55.576000,37.81
2025-05-06T22:10:50.571000,44.55
2025-05-06T22:10:45.568000,24.79
2025-05-06T22:10:40.564000,51.97
2025-05-06T22:10:35.563000,45.88
2025-05-06T22:10:30.559000,28.4
2025-05-06T22:10:25.556000,36.28
2025-05-06T22:10:20.553000,39.4
2025-05-06T22:10:15.549000,40.97
2025-05-06T22:10:10.545000,41.38
2025-05-06T22:10:05.543000,47.4
2025-05-06T22:10:00.539000,30.45
2025-05-06T22:09:55.536000,23.47
2025-05-06T22:09:50.532000,26.03
2025-05-06T22:09:45.531000,56.25
2025-05-06T22:09:40.524000,29.37
2025-05-06T22:09:35.523000,51.71
2025-05-06T22:09:30.519000,67.25
2025-05-06T22:09:25.516000,44.74
2025-05-06T22:09:20.513000,38.77
2025-05-06T22:09:15.511000,40.57
2025-05-06T22:09:10.506000,39.75
2025-05-06T22:09:05.504000,30.88
2025-05-06T22:09:00.499000,24.69
2025-05-06T22:08:55.496000,30.76
2025-05-06T22:08:50.492000,31.72
2025-05-06T22:08:45.489000,41.92
2025-05-06T22:08:40.485000,43.11
2025-05-06T22:08:35.481000,52.59
2025-05-06T22:08:30.476000,24.06
2025-05-06T22:08:25.470000,32.51
2025-05-06T22:08:20.467000,25.1
2025-05-06T22:08:15.464000,52.34
2025-05-06T22:08:10.460000,60.27
2025-05-06T22:08:05.461000,42.05
2025-05-06T22:08:00.456000,65.59
2025-05-06T22:07:55.453000,50.36
2025-05-06T22:07:50.448000,29.99
2025-05-06T22:07:45.442000,28.29
2025-05-06T22:07:40.439000,39.4
2025-05-06T22:07:35.436000,49.34
2025-05-06T22:07:30.432000,39.72
2025-05-06T22:07:25.428000,34.01
2025-05-06T22:07:20.424000,62.22
2025-05-06T22:07:15.421000,62.87
2025-05-06T22:07:10.418000,63.87
2025-05-06T22:07:05.415000,26.07
2025-05-06T22:07:00.412000,35.62
2025-05-06T22:06:55.408000,34.96
2025-05-06T22:06:50.402000,35.16
2025-05-06T22:06:45.399000,31.9
2025-05-06T22:06:40.396000,30.31
2025-05-06T22:06:35.394000,48.33
2025-05-06T22:06:30.391000,46.25
2025-05-06T22:06:25.387000,41.97
2025-05-06T22:06:20.383000,48.93
2025-05-06T22:06:15.380000,42.92
2025-05-06T22:06:10.375000,44.81
2025-05-06T22:06:05.373000,37.36
2025-05-06T22:06:00.370000,26.32
2025-05-06T22:05:55.365000,64.17
2025-05-06T22:05:50.361000,63.5
2025-05-06T22:05:45.356000,28.69
2025-05-06T22:05:40.352000,41.03
2025-05-06T22:05:35.351000,35.12
2025-05-06T22:05:30.345000,28.28
2025-05-06T22:05:25.340000,40.23
2025-05-06T22:05:20.337000,37.63
2025-05-06T22:05:15.325000,63.5
2025-05-06T22:05:10.305000,40.57
2025-05-06T22:05:05.303000,51.58
2025-05-06T22:05:00.298000,50.16
2025-05-06T22:04:55.293000,44.61
2025-05-06T22:04:50.288000,30.45
2025-05-06T22:04:45.283000,33.26
2025-05-06T22:04:40.279000,47.38
2025-05-06T22:04:35.276000,42.74
2025-05-06T22:04:30.272000,40.42
2025-05-06T22:04:25.267000,37.67
2025-05-06T22:04:20.262000,35.32
2025-05-06T22:04:15.239000,33.9
2025-05-06T22:04:10.232000,57.43
2025-05-06T22:04:05.230000,49.79
2025-05-06T22:04:00.217000,39.13
2025-05-06T22:03:55.211000,67.81
2025-05-06T22:03:50.206000,30.69
2025-05-06T22:03:45.201000,48.79
2025-05-06T22:03:40.196000,70.92
2025-05-06T22:03:35.194000,57.06
2025-05-06T22:03:30.189000,45.42
2025-05-06T22:03:25.185000,56.77
2025-05-06T22:03:20.181000,54.79
2025-05-06T22:03:15.182000,53.06
2025-05-06T22:03:10.173000,29.29
2025-05-06T22:03:05.171000,25.42
2025-05-06T22:03:00.167000,42.18
2025-05-06T22:02:55.162000,38.56
2025-05-06T22:02:50.159000,59.57
2025-05-06T22:02:45.156000,27.56
2025-05-06T22:02:40.152000,35.52
2025-05-06T22:02:35.149000,59.79
2025-05-06T22:02:30.143000,53.78
2025-05-06T22:02:25.138000,31.93
2025-05-06T22:02:20.133000,36.67
2025-05-06T22:02:15.129000,57.68
2025-05-06T22:02:10.125000,45.01
2025-05-06T22:02:05.114000,42.08
2025-05-06T22:02:00.109000,53.65
2025-05-06T22:01:55.106000,51.28
2025-05-06T22:01:50.101000,55.85
2025-05-06T22:01:45.090000,47.87
2025-05-06T22:01:40.078000,40.39
2025-05-06T22:01:35.085000,59.83
2025-05-06T22:01:30.081000,30.4
2025-05-06T22:01:25.072000,37.17
2025-05-06T22:01:20.067000,59.0
2025-05-06T22:01:15.064000,30.65
2025-05-06T22:01:10.060000,47.78
2025-05-06T22:01:05.054000,47.37
2025-05-06T22:01:00.037000,37.74
2025-05-06T22:00:55.033000,59.39
2025-05-06T22:00:50.028000,64.03
2025-05-06T22:00:45.024000,27.56
2025-05-06T22:00:40.019000,53.76
2025-05-06T22:00:35.017000,51.1
2025-05-06T22:00:29.997000,24.05
2025-05-06T22:00:24.987000,21.66
2025-05-06T22:00:19.983000,43.49
2025-05-06T22:00:14.977000,36.56
2025-05-06T22:00:09.973000,46.35
2025-05-06T22:00:04.969000,62.99
2025-05-06T21:59:59.964000,66.52
2025-05-06T21:59:54.959000,38.32
2025-05-06T21:59:49.954000,21.36
2025-05-06T21:59:44.948000,66.73
2025-05-06T21:59:39.943000,21.82
2025-05-06T21:59:34.941000,36.55
2025-05-06T21:59:29.935000,40.77
2025-05-06T21:59:24.930000,35.04
2025-05-06T21:59:19.925000,51.81
2025-05-06T21:59:14.925000,54.34
2025-05-06T21:59:09.916000,43.57
2025-05-06T21:59:04.914000,33.54
2025-05-06T21:58:59.909000,36.37
2025-05-06T21:58:54.905000,57.22
2025-05-06T21:58:49.901000,51.87
2025-05-06T21:58:44.888000,39.62
2025-05-06T21:58:39.884000,52.74
2025-05-06T21:58:34.881000,36.84
2025-05-06T21:58:29.877000,40.91
2025-05-06T21:58:24.853000,27.71
2025-05-06T21:58:19.847000,55.91
2025-05-06T21:58:14.843000,19.21
2025-05-06T21:58:09.840000,51.35
2025-05-06T21:58:04.839000,30.74
2025-05-06T21:57:59.834000,46.56
2025-05-06T21:57:54.827000,34.23
2025-05-06T21:57:49.823000,41.16
2025-05-06T21:57:44.818000,54.55
2025-05-06T21:57:39.814000,40.3
2025-05-06T21:57:34.809000,31.41
2025-05-06T21:57:29.805000,53.03
2025-05-06T21:57:24.799000,40.78
2025-05-06T21:57:19.795000,25.15
2025-05-06T21:57:14.791000,49.6
2025-05-06T21:57:09.786000,31.5
2025-05-06T21:57:04.786000,23.1
2025-05-06T21:56:59.778000,29.18
2025-05-06T21:56:54.765000,38.76
2025-05-06T21:56:49.760000,42.3
2025-05-06T21:56:44.755000,40.41
2025-05-06T21:56:39.751000,25.03
2025-05-06T21:56:34.745000,54.66
2025-05-06T21:56:29.738000,60.87
2025-05-06T21:56:24.733000,68.93
2025-05-06T21:56:19.730000,46.09
2025-05-06T21:56:14.725000,68.59
2025-05-06T21:56:09.720000,23.42
2025-05-06T21:56:04.716000,67.45
2025-05-06T21:55:59.711000,41.65
2025-05-06T21:55:54.707000,47.77
2025-05-06T21:55:49.703000,23.3
2025-05-06T21:55:44.699000,42.16
2025-05-06T21:55:39.694000,34.73
2025-05-06T21:55:34.691000,56.47
2025-05-06T21:55:29.686000,26.66
2025-05-06T21:55:24.681000,34.3
2025-05-06T21:55:19.676000,18.95
2025-05-06T21:55:14.667000,52.12
2025-05-06T21:55:09.658000,48.54
2025-05-06T21:55:04.656000,42.32
2025-05-06T21:54:59.652000,54.46
2025-05-06T21:54:54.647000,47.07
2025-05-06T21:54:49.644000,48.21
2025-05-06T21:54:44.612000,34.14
2025-05-06T21:54:39.594000,64.19
2025-05-06T21:54:34.591000,59.53
2025-05-06T21:54:29.583000,45.25
2025-05-06T21:54:24.576000,57.46
2025-05-06T21:54:19.571000,45.23
2025-05-06T21:54:14.567000,42.22
2025-05-06T21:54:09.564000,43.41
2025-05-06T21:54:04.558000,51.73
2025-05-06T21:53:59.553000,55.49
2025-05-06T21:53:54.549000,67.1
2025-05-06T21:53:49.545000,22.6
2025-05-06T21:53:44.539000,55.22
2025-05-06T21:53:39.537000,23.86
2025-05-06T21:53:34.579000,38.23
2025-05-06T21:53:29.527000,48.46
2025-05-06T21:53:24.523000,49.58
2025-05-06T21:53:19.518000,35.91
2025-05-06T21:53:14.515000,23.83
2025-05-06T21:53:09.509000,60.47
2025-05-06T21:53:04.503000,42.3
2025-05-06T21:52:59.498000,25.94
2025-05-06T21:52:54.494000,52.92
2025-05-06T21:52:49.490000,60.48
2025-05-06T21:52:44.488000,26.22
2025-05-06T21:52:39.483000,24.69
2025-05-06T21:52:34.480000,29.66
2025-05-06T21:52:29.476000,44.76
2025-05-06T21:52:24.470000,51.78
2025-05-06T21:52:19.465000,43.65
2025-05-06T21:52:14.460000,25.55
2025-05-06T21:52:09.459000,33.08
2025-05-06T21:52:04.455000,41.07
2025-05-06T21:51:59.449000,33.28
2025-05-06T21:51:54.444000,52.15
2025-05-06T21:51:49.436000,48.47
2025-05-06T21:51:44.413000,31.08
2025-05-06T21:51:39.411000,36.26
2025-05-06T21:51:34.406000,26.93
2025-05-06T21:51:29.382000,55.07
2025-05-06T21:51:24.376000,65.51
2025-05-06T21:51:19.334000,32.25
2025-05-06T21:51:14.303000,49.34
2025-05-06T21:51:09.296000,61.78
2025-05-06T21:51:04.293000,37.57
2025-05-06T21:50:59.288000,61.15
2025-05-06T21:50:54.284000,63.32
2025-05-06T21:50:49.279000,48.52
2025-05-06T21:50:44.275000,31.74
2025-05-06T21:50:39.273000,34.05
2025-05-06T21:50:34.268000,57.52
2025-05-06T21:50:29.264000,69.91
2025-05-06T21:50:24.257000,30.06
2025-05-06T21:50:19.251000,41.56
2025-05-06T21:50:14.246000,60.87
2025-05-06T21:50:09.245000,65.62
2025-05-06T21:50:04.242000,57.69
2025-05-06T21:49:59.238000,30.43
2025-05-06T21:49:54.233000,25.17
2025-05-06T21:49:49.227000,57.39
2025-05-06T21:49:44.222000,45.54
2025-05-06T21:49:39.219000,24.89
2025-05-06T21:49:34.215000,33.03
2025-05-06T21:49:29.210000,31.53
2025-05-06T21:49:24.206000,31.49
2025-05-06T21:49:19.201000,38.86
2025-05-06T21:49:14.196000,59.17
2025-05-06T21:49:09.193000,37.14
2025-05-06T21:49:04.189000,58.35
2025-05-06T21:48:59.184000,22.98
2025-05-06T21:48:54.179000,53.93
2025-05-06T21:48:49.172000,49.4
2025-05-06T21:48:44.165000,24.8
2025-05-06T21:48:39.163000,22.97
2025-05-06T21:48:34.155000,37.83
2025-05-06T21:48:29.148000,61.19
2025-05-06T21:48:24.142000,23.02
2025-05-06T21:48:19.133000,45.3
2025-05-06T21:48:14.127000,51.09
2025-05-06T21:48:09.125000,40.45
2025-05-06T21:48:04.120000,49.73
2025-05-06T21:47:59.114000,28.75
2025-05-06T21:47:54.109000,36.89
2025-05-06T21:47:49.101000,36.05
2025-05-06T21:47:44.095000,54.45
2025-05-06T21:47:39.093000,39.63
2025-05-06T21:47:34.088000,23.84
2025-05-06T21:47:29.084000,48.24
2025-05-06T21:47:24.080000,18.49
2025-05-06T21:47:19.076000,27.95
2025-05-06T21:47:14.073000,40.76
2025-05-06T21:47:09.069000,19.01
2025-05-06T21:47:04.066000,52.24
2025-05-06T21:46:59.061000,56.93
2025-05-06T21:46:54.056000,40.08
2025-05-06T21:46:49.052000,55.31
2025-05-06T21:46:44.048000,41.78
2025-05-06T21:46:39.046000,61.16
2025-05-06T21:46:34.042000,59.54
2025-05-06T21:46:29.038000,31.18
2025-05-06T21:46:24.034000,61.86
2025-05-06T21:46:19.030000,25.74
2025-05-06T21:46:14.026000,53.34
2025-05-06T21:46:09.024000,31.13
2025-05-06T21:46:04.017000,35.27
2025-05-06T21:45:59.013000,47.8
2025-05-06T21:45:54.009000,41.69
2025-05-06T21:45:49.003000,64.05
2025-05-06T21:45:43.999000,34.56
2025-05-06T21:45:38.996000,63.19
2025-05-06T21:45:33.990000,60.56
2025-05-06T21:45:28.985000,57.9
2025-05-06T21:45:23.981000,45.01
2025-05-06T21:45:18.977000,24.36
2025-05-06T21:45:13.975000,51.89
2025-05-06T21:45:08.970000,48.66
2025-05-06T21:45:03.965000,41.77
2025-05-06T21:44:58.959000,28.19
2025-05-06T21:44:53.955000,37.61
2025-05-06T21:44:48.947000,25.2
2025-05-06T21:44:43.915000,56.59
2025-05-06T21:44:38.912000,27.55
2025-05-06T21:44:33.902000,47.92
2025-05-06T21:44:28.891000,33.4
2025-05-06T21:44:23.887000,45.83
2025-05-06T21:44:18.884000,57.49
2025-05-06T21:44:13.871000,56.49
2025-05-06T21:44:08.837000,32.34
2025-05-06T21:44:03.829000,37.79
2025-05-06T21:43:58.821000,42.29
2025-05-06T21:43:53.817000,51.91
2025-05-06T21:43:48.812000,43.04
2025-05-06T21:43:43.807000,71.16
2025-05-06T21:43:38.806000,29.25
2025-05-06T21:43:33.803000,37.09
2025-05-06T21:43:28.800000,46.28
2025-05-06T21:43:23.797000,50.9
2025-05-06T21:43:18.785000,57.43
2025-05-06T21:43:13.709000,42.54
2025-05-06T21:43:08.705000,56.53
2025-05-06T21:43:03.699000,42.39
2025-05-06T21:42:58.692000,42.94
2025-05-06T21:42:53.686000,45.11
2025-05-06T21:42:48.680000,48.66
2025-05-06T21:42:43.674000,48.35
2025-05-06T21:42:38.673000,28.5
2025-05-06T21:42:33.667000,47.23
2025-05-06T21:42:28.663000,64.94
2025-05-06T21:42:23.659000,60.56
2025-05-06T21:42:18.654000,32.76
2025-05-06T21:42:13.649000,28.14
2025-05-06T21:42:08.648000,39.37
2025-05-06T21:42:03.643000,48.31
2025-05-06T21:41:58.639000,24.87
2025-05-06T21:41:53.634000,27.73
2025-05-06T21:41:48.631000,59.75
2025-05-06T21:41:43.626000,55.52
2025-05-06T21:41:38.625000,23.68
2025-05-06T21:41:33.610000,45.97
2025-05-06T21:41:28.605000,62.35
2025-05-06T21:41:23.598000,42.73
2025-05-06T21:41:18.594000,58.68
2025-05-06T21:41:13.590000,37.84
2025-05-06T21:41:08.586000,45.67
2025-05-06T21:41:03.582000,64.17
2025-05-06T21:40:58.577000,65.07
2025-05-06T21:40:53.569000,24.79
2025-05-06T21:40:48.565000,35.3
2025-05-06T21:40:43.561000,39.38
2025-05-06T21:40:38.560000,58.61
2025-05-06T21:40:33.554000,66.65
2025-05-06T21:40:28.550000,49.52
2025-05-06T21:40:23.528000,35.38
2025-05-06T21:40:18.522000,38.49
2025-05-06T21:40:13.514000,32.03
2025-05-06T21:40:08.509000,58.26
2025-05-06T21:40:03.504000,34.7
2025-05-06T21:39:58.500000,46.17
2025-05-06T21:39:53.498000,35.62
2025-05-06T21:39:48.489000,49.14
2025-05-06T21:39:43.479000,57.21
2025-05-06T21:39:38.476000,35.7
2025-05-06T21:39:33.470000,56.63
2025-05-06T21:39:28.465000,49.16
2025-05-06T21:39:23.460000,56.13
2025-05-06T21:39:18.455000,64.3
2025-05-06T21:39:13.445000,28.72
2025-05-06T21:39:08.438000,32.64
2025-05-06T21:39:03.432000,54.15
2025-05-06T21:38:58.426000,48.91
2025-05-06T21:38:53.421000,59.82
2025-05-06T21:38:48.417000,34.69
2025-05-06T21:38:43.412000,47.42
2025-05-06T21:38:38.410000,21.92
2025-05-06T21:38:33.404000,55.19
2025-05-06T21:38:28.399000,27.8
2025-05-06T21:38:23.380000,42.53
2025-05-06T21:38:18.371000,39.5
2025-05-06T21:38:13.357000,46.92
2025-05-06T21:38:08.352000,36.73
2025-05-06T21:38:03.336000,35.97
2025-05-06T21:37:58.329000,46.18
2025-05-06T21:37:53.325000,36.57
2025-05-06T21:37:48.315000,49.02
2025-05-06T21:37:43.308000,53.33
2025-05-06T21:37:38.301000,27.81
2025-05-06T21:37:33.278000,42.39
2025-05-06T21:37:28.261000,36.25
2025-05-06T21:37:23.250000,42.38
2025-05-06T21:37:18.244000,57.35
2025-05-06T21:37:13.246000,26.35
2025-05-06T21:37:08.237000,45.1
2025-05-06T21:37:03.233000,30.35
2025-05-06T21:36:58.228000,44.18
2025-05-06T21:36:53.224000,55.0
2025-05-06T21:36:48.208000,28.41
2025-05-06T21:36:43.201000,72.3
2025-05-06T21:36:38.193000,42.8
2025-05-06T21:36:33.188000,53.12
2025-05-06T21:36:28.182000,66.09
2025-05-06T21:36:23.177000,30.59
2025-05-06T21:36:18.170000,40.6
2025-05-06T21:36:13.165000,49.63
2025-05-06T21:36:08.161000,59.62
2025-05-06T21:36:03.156000,64.09
2025-05-06T21:35:58.151000,49.64
2025-05-06T21:35:53.146000,34.83
2025-05-06T21:35:48.142000,34.96
2025-05-06T21:35:43.131000,53.49
2025-05-06T21:35:38.126000,42.6
2025-05-06T21:35:33.111000,65.17
2025-05-06T21:35:28.106000,67.03
2025-05-06T21:35:23.101000,31.09
2025-05-06T21:35:18.094000,72.83
2025-05-06T21:35:13.080000,23.79
2025-05-06T21:35:08.068000,37.03
2025-05-06T21:35:03.058000,50.9
2025-05-06T21:34:58.052000,39.68
2025-05-06T21:34:53.040000,46.13
2025-05-06T21:34:48.027000,26.89
2025-05-06T21:34:43.001000,48.78
2025-05-06T21:34:37.997000,52.27
2025-05-06T21:34:32.965000,33.48
2025-05-06T21:34:27.959000,45.69
2025-05-06T21:34:22.954000,42.05
2025-05-06T21:34:17.949000,37.26
2025-05-06T21:34:12.943000,46.52
2025-05-06T21:34:07.942000,65.85
2025-05-06T21:34:02.936000,42.17
2025-05-06T21:33:57.930000,52.42
2025-05-06T21:33:52.919000,36.15
2025-05-06T21:33:47.908000,52.02
2025-05-06T21:33:43.521000,29.15
