timestamp,Temperature
2025-05-07T15:07:41.363000,38.29
2025-05-07T15:07:36.359000,38.86
2025-05-07T15:07:31.355000,35.43
2025-05-07T15:07:26.349000,37.22
2025-05-07T15:07:21.346000,23.77
2025-05-07T15:07:16.343000,27.8
2025-05-07T15:07:11.338000,23.06
2025-05-07T15:07:06.331000,27.73
2025-05-07T15:07:01.327000,24.83
2025-05-07T15:06:56.322000,37.69
2025-05-07T15:06:51.317000,28.53
2025-05-07T15:06:46.311000,34.13
2025-05-07T15:06:41.307000,28.01
2025-05-07T15:06:36.303000,21.22
2025-05-07T15:06:31.298000,29.38
2025-05-07T15:06:26.287000,20.46
2025-05-07T15:06:21.283000,23.24
2025-05-07T15:06:16.281000,32.28
2025-05-07T15:06:11.277000,27.13
2025-05-07T15:06:06.274000,39.9
2025-05-07T15:06:01.269000,30.15
2025-05-07T15:05:56.263000,24.77
2025-05-07T15:05:51.255000,27.79
2025-05-07T15:05:46.253000,22.35
2025-05-07T15:05:41.248000,34.52
2025-05-07T15:05:36.244000,26.18
2025-05-07T15:05:31.236000,37.28
2025-05-07T15:05:26.230000,32.04
2025-05-07T15:05:21.226000,30.45
2025-05-07T15:05:16.222000,35.01
2025-05-07T15:05:11.216000,31.12
2025-05-07T15:05:06.212000,28.88
2025-05-07T15:05:01.206000,20.54
2025-05-07T15:04:56.202000,31.26
2025-05-07T15:04:51.199000,30.81
2025-05-07T15:04:46.196000,40.0
2025-05-07T15:04:41.191000,34.52
2025-05-07T15:04:36.184000,31.61
2025-05-07T15:04:31.179000,34.77
2025-05-07T15:04:26.175000,32.97
2025-05-07T15:04:21.171000,26.74
2025-05-07T15:04:16.168000,21.23
2025-05-07T15:04:11.160000,30.63
2025-05-07T15:04:06.155000,25.34
2025-05-07T15:04:01.151000,33.83
2025-05-07T15:03:56.146000,36.11
2025-05-07T15:03:51.137000,25.32
2025-05-07T15:03:46.135000,38.76
2025-05-07T15:03:41.131000,37.15
2025-05-07T15:03:36.123000,32.72
2025-05-07T15:03:31.116000,34.34
2025-05-07T15:03:26.107000,27.18
2025-05-07T15:03:21.102000,32.84
2025-05-07T15:03:16.097000,30.05
2025-05-07T15:03:11.087000,34.44
2025-05-07T15:03:06.082000,29.89
2025-05-07T15:03:01.075000,31.21
2025-05-07T15:02:56.069000,23.73
2025-05-07T15:02:51.057000,39.15
2025-05-07T15:02:46.054000,23.73
2025-05-07T15:02:41.043000,27.58
2025-05-07T15:02:36.034000,29.21
2025-05-07T15:02:31.026000,35.57
2025-05-07T15:02:26.022000,24.72
2025-05-07T15:02:21.015000,33.55
2025-05-07T15:02:16.013000,32.95
2025-05-07T15:02:11.007000,28.99
2025-05-07T15:02:06.003000,26.33
2025-05-07T15:02:00.999000,29.97
2025-05-07T15:01:55.991000,21.57
2025-05-07T15:01:50.986000,33.3
2025-05-07T15:01:45.983000,35.42
2025-05-07T15:01:40.980000,27.31
2025-05-07T15:01:35.976000,24.32
2025-05-07T15:01:30.957000,38.45
2025-05-07T15:01:25.946000,24.03
2025-05-07T15:01:20.941000,39.92
2025-05-07T15:01:15.937000,28.08
2025-05-07T15:01:10.929000,30.35
2025-05-07T15:01:05.924000,37.06
2025-05-07T15:01:00.919000,39.17
2025-05-07T15:00:55.914000,30.11
2025-05-07T15:00:50.908000,31.71
2025-05-07T15:00:45.906000,31.06
2025-05-07T15:00:40.900000,28.87
2025-05-07T15:00:35.895000,28.05
2025-05-07T15:00:30.889000,39.27
2025-05-07T15:00:25.885000,26.74
2025-05-07T15:00:20.881000,37.16
2025-05-07T15:00:15.878000,37.72
2025-05-07T15:00:10.873000,27.98
2025-05-07T15:00:05.867000,39.7
2025-05-07T15:00:00.864000,33.86
2025-05-07T14:59:55.861000,23.06
2025-05-07T14:59:50.857000,39.05
2025-05-07T14:59:45.855000,39.63
2025-05-07T14:59:40.848000,31.05
2025-05-07T14:59:35.843000,29.11
2025-05-07T14:59:30.837000,36.35
2025-05-07T14:59:25.834000,27.93
2025-05-07T14:59:20.829000,37.1
2025-05-07T14:59:15.825000,34.83
2025-05-07T14:59:10.819000,33.62
2025-05-07T14:59:05.814000,39.47
2025-05-07T14:59:00.811000,25.44
2025-05-07T14:58:55.806000,39.54
2025-05-07T14:58:50.802000,32.08
2025-05-07T14:58:45.802000,26.5
2025-05-07T14:58:40.793000,38.14
2025-05-07T14:58:35.785000,36.11
2025-05-07T14:58:30.780000,29.88
2025-05-07T14:58:25.777000,32.09
2025-05-07T14:58:20.771000,35.47
2025-05-07T14:58:15.769000,33.25
2025-05-07T14:58:10.764000,38.29
2025-05-07T14:58:05.760000,39.49
2025-05-07T14:58:00.751000,37.25
2025-05-07T14:57:55.744000,25.39
2025-05-07T14:57:50.740000,33.38
2025-05-07T14:57:45.736000,21.21
2025-05-07T14:57:40.731000,24.48
2025-05-07T14:57:35.727000,25.32
2025-05-07T14:57:30.722000,29.16
2025-05-07T14:57:25.717000,25.28
2025-05-07T14:57:20.712000,24.69
2025-05-07T14:57:15.706000,29.54
2025-05-07T14:57:10.701000,22.03
2025-05-07T14:57:05.695000,27.7
2025-05-07T14:57:00.690000,25.85
2025-05-07T14:56:55.684000,20.72
2025-05-07T14:56:50.677000,37.71
2025-05-07T14:56:45.673000,29.78
2025-05-07T14:56:40.669000,34.73
2025-05-07T14:56:35.666000,38.71
2025-05-07T14:56:30.662000,20.17
2025-05-07T14:56:25.658000,39.13
2025-05-07T14:56:20.654000,35.72
2025-05-07T14:56:15.652000,29.93
2025-05-07T14:56:10.642000,32.69
2025-05-07T14:56:05.638000,25.16
2025-05-07T14:56:00.635000,28.36
2025-05-07T14:55:55.631000,29.22
2025-05-07T14:55:50.628000,35.34
2025-05-07T14:55:45.626000,32.29
2025-05-07T14:55:40.621000,35.16
2025-05-07T14:55:35.617000,39.52
2025-05-07T14:55:30.613000,39.06
2025-05-07T14:55:25.609000,39.14
2025-05-07T14:55:20.602000,35.68
2025-05-07T14:55:15.599000,36.57
2025-05-07T14:55:10.594000,23.82
2025-05-07T14:55:05.590000,36.26
2025-05-07T14:55:00.586000,35.89
2025-05-07T14:54:55.582000,33.52
2025-05-07T14:54:50.579000,23.64
2025-05-07T14:54:45.578000,32.01
2025-05-07T14:54:40.573000,23.68
2025-05-07T14:54:35.570000,26.2
2025-05-07T14:54:30.565000,25.88
2025-05-07T14:54:25.561000,24.15
2025-05-07T14:54:20.558000,28.44
2025-05-07T14:54:15.557000,36.41
2025-05-07T14:54:10.552000,36.77
2025-05-07T14:54:05.547000,38.13
2025-05-07T14:54:00.543000,32.36
2025-05-07T14:53:55.540000,30.98
2025-05-07T14:53:50.533000,33.0
2025-05-07T14:53:45.531000,37.56
2025-05-07T14:53:40.526000,38.67
2025-05-07T14:53:35.517000,33.47
2025-05-07T14:53:30.508000,25.47
2025-05-07T14:53:25.497000,34.98
2025-05-07T14:53:20.492000,31.13
2025-05-07T14:53:15.490000,34.61
2025-05-07T14:53:10.483000,27.98
2025-05-07T14:53:05.477000,29.23
2025-05-07T14:53:00.469000,36.06
2025-05-07T14:52:55.452000,38.34
2025-05-07T14:52:50.447000,34.08
2025-05-07T14:52:45.444000,39.45
2025-05-07T14:52:40.435000,22.61
2025-05-07T14:52:35.428000,22.59
2025-05-07T14:52:30.423000,30.18
2025-05-07T14:52:25.433000,36.64
2025-05-07T14:52:20.414000,24.57
2025-05-07T14:52:15.412000,23.44
2025-05-07T14:52:10.409000,29.13
2025-05-07T14:52:05.404000,21.5
2025-05-07T14:52:00.391000,30.49
2025-05-07T14:51:55.383000,38.19
2025-05-07T14:51:50.377000,39.11
2025-05-07T14:51:45.373000,38.87
2025-05-07T14:51:40.367000,25.68
2025-05-07T14:51:35.361000,22.47
2025-05-07T14:51:30.355000,30.55
2025-05-07T14:51:25.347000,36.5
2025-05-07T14:51:20.342000,24.01
2025-05-07T14:51:15.339000,31.24
2025-05-07T14:51:10.336000,20.34
2025-05-07T14:51:05.326000,24.97
2025-05-07T14:51:00.321000,28.28
2025-05-07T14:50:55.318000,37.86
2025-05-07T14:50:50.313000,20.28
2025-05-07T14:50:45.309000,21.71
2025-05-07T14:50:40.307000,36.49
2025-05-07T14:50:35.303000,23.08
2025-05-07T14:50:30.297000,22.07
2025-05-07T14:50:25.292000,27.87
2025-05-07T14:50:20.287000,25.92
2025-05-07T14:50:15.284000,36.8
2025-05-07T14:50:10.280000,23.87
2025-05-07T14:50:05.276000,28.5
2025-05-07T14:50:00.271000,35.3
2025-05-07T14:49:55.264000,22.39
2025-05-07T14:49:50.261000,20.48
2025-05-07T14:49:45.260000,27.92
2025-05-07T14:49:40.255000,21.12
2025-05-07T14:49:35.252000,31.33
2025-05-07T14:49:30.246000,33.57
2025-05-07T14:49:25.238000,22.58
2025-05-07T14:49:20.235000,20.16
2025-05-07T14:49:15.232000,23.19
2025-05-07T14:49:10.228000,29.94
2025-05-07T14:49:05.222000,20.22
2025-05-07T14:49:00.216000,39.21
2025-05-07T14:48:55.211000,22.92
2025-05-07T14:48:50.207000,34.47
2025-05-07T14:48:45.205000,39.18
2025-05-07T14:48:40.202000,22.82
2025-05-07T14:48:35.191000,25.3
2025-05-07T14:48:30.186000,20.29
2025-05-07T14:48:25.181000,20.98
2025-05-07T14:48:20.177000,25.99
2025-05-07T14:48:15.176000,36.2
2025-05-07T14:48:10.171000,31.58
2025-05-07T14:48:05.167000,35.82
2025-05-07T14:48:00.163000,38.1
2025-05-07T14:47:55.158000,20.09
2025-05-07T14:47:50.155000,29.94
2025-05-07T14:47:45.154000,33.67
2025-05-07T14:47:40.149000,28.21
2025-05-07T14:47:35.145000,21.93
2025-05-07T14:47:30.142000,39.28
2025-05-07T14:47:25.137000,27.96
2025-05-07T14:47:20.132000,29.17
2025-05-07T14:47:15.131000,37.17
2025-05-07T14:47:10.127000,22.01
2025-05-07T14:47:05.123000,30.51
2025-05-07T14:47:00.116000,20.17
2025-05-07T14:46:55.111000,30.16
2025-05-07T14:46:50.105000,22.96
2025-05-07T14:46:45.103000,36.6
2025-05-07T14:46:40.098000,35.75
2025-05-07T14:46:35.095000,31.26
2025-05-07T14:46:30.082000,33.29
2025-05-07T14:46:25.062000,23.6
2025-05-07T14:46:20.056000,23.65
2025-05-07T14:46:15.054000,33.26
2025-05-07T14:46:10.050000,29.69
2025-05-07T14:46:05.046000,20.91
2025-05-07T14:46:00.043000,35.41
2025-05-07T14:45:55.035000,26.67
2025-05-07T14:45:50.030000,39.36
2025-05-07T14:45:45.026000,37.07
2025-05-07T14:45:40.022000,29.28
2025-05-07T14:45:35.018000,28.51
2025-05-07T14:45:30.013000,31.98
2025-05-07T14:45:25.009000,33.2
2025-05-07T14:45:20.005000,27.38
2025-05-07T14:45:15.006000,25.7
2025-05-07T14:45:09.991000,29.26
2025-05-07T14:45:04.969000,22.88
2025-05-07T14:44:59.961000,21.21
2025-05-07T14:44:54.956000,21.65
2025-05-07T14:44:49.952000,23.96
2025-05-07T14:44:44.950000,37.08
2025-05-07T14:44:39.945000,25.41
2025-05-07T14:44:34.941000,26.94
2025-05-07T14:44:29.938000,21.35
2025-05-07T14:44:24.926000,26.9
2025-05-07T14:44:19.921000,36.56
2025-05-07T14:44:14.918000,22.2
2025-05-07T14:44:09.912000,24.08
2025-05-07T14:44:04.909000,32.27
2025-05-07T14:43:59.903000,39.75
2025-05-07T14:43:54.895000,28.88
2025-05-07T14:43:49.888000,23.59
2025-05-07T14:43:44.886000,23.57
2025-05-07T14:43:39.881000,28.24
2025-05-07T14:43:34.877000,29.44
2025-05-07T14:43:29.873000,29.9
2025-05-07T14:43:24.867000,35.4
2025-05-07T14:43:19.860000,32.65
2025-05-07T14:43:14.855000,26.27
2025-05-07T14:43:09.847000,35.72
2025-05-07T14:43:04.843000,22.96
2025-05-07T14:42:59.837000,24.92
2025-05-07T14:42:54.833000,32.19
2025-05-07T14:42:49.829000,37.44
2025-05-07T14:42:44.828000,34.46
2025-05-07T14:42:39.824000,27.71
2025-05-07T14:42:34.820000,31.14
2025-05-07T14:42:29.814000,30.89
2025-05-07T14:42:24.809000,27.73
2025-05-07T14:42:19.805000,23.62
2025-05-07T14:42:14.802000,29.42
2025-05-07T14:42:09.797000,32.88
2025-05-07T14:42:04.793000,38.05
2025-05-07T14:41:59.789000,30.39
2025-05-07T14:41:54.784000,32.07
2025-05-07T14:41:49.780000,31.06
2025-05-07T14:41:44.779000,34.53
2025-05-07T14:41:39.775000,22.51
2025-05-07T14:41:34.772000,33.58
2025-05-07T14:41:29.769000,34.27
2025-05-07T14:41:24.764000,27.58
2025-05-07T14:41:19.759000,24.44
2025-05-07T14:41:14.758000,30.49
2025-05-07T14:41:09.754000,33.94
2025-05-07T14:41:04.751000,24.99
2025-05-07T14:40:35.242000,35.42
2025-05-07T14:40:30.272000,24.39
2025-05-07T14:40:25.414000,28.44
2025-05-07T14:40:20.412000,24.34
2025-05-07T14:40:15.408000,34.22
2025-05-07T14:40:10.403000,28.94
2025-05-07T14:40:05.398000,26.92
2025-05-07T14:40:00.393000,26.07
2025-05-07T14:39:55.388000,37.43
2025-05-07T14:39:50.385000,31.23
2025-05-07T14:39:45.381000,25.2
2025-05-07T14:39:40.375000,26.69
2025-05-07T14:39:35.370000,24.0
2025-05-07T14:39:30.364000,38.18
2025-05-07T14:39:25.359000,32.92
2025-05-07T14:39:20.356000,35.44
2025-05-07T14:39:15.350000,38.89
2025-05-07T14:39:10.346000,22.53
2025-05-07T14:39:05.341000,30.43
2025-05-07T14:39:00.336000,30.11
2025-05-07T14:38:55.331000,29.76
2025-05-07T14:38:50.327000,28.66
2025-05-07T14:38:45.322000,24.7
2025-05-07T14:38:40.317000,33.66
2025-05-07T14:38:35.312000,27.89
2025-05-07T14:38:30.307000,33.68
2025-05-07T14:38:25.303000,33.61
2025-05-07T14:38:20.299000,39.35
2025-05-07T14:38:15.294000,35.38
2025-05-07T14:38:10.289000,26.17
2025-05-07T14:38:05.284000,23.7
2025-05-07T14:38:00.280000,28.0
2025-05-07T14:37:55.276000,31.82
2025-05-07T14:37:50.273000,35.55
2025-05-07T14:37:45.269000,31.37
2025-05-07T14:37:40.264000,22.03
2025-05-07T14:37:35.258000,23.7
2025-05-07T14:37:30.244000,36.78
2025-05-07T14:37:25.239000,31.16
2025-05-07T14:37:20.236000,23.91
2025-05-07T14:37:15.229000,30.98
2025-05-07T14:37:10.221000,28.51
2025-05-07T14:37:05.215000,38.14
2025-05-07T14:37:00.210000,20.46
2025-05-07T14:36:55.186000,29.97
2025-05-07T14:36:50.174000,25.46
2025-05-07T14:36:45.170000,36.15
2025-05-07T14:36:40.165000,34.2
2025-05-07T14:36:35.160000,25.33
2025-05-07T14:36:30.155000,29.01
2025-05-07T14:36:25.151000,30.6
2025-05-07T14:36:20.150000,39.12
2025-05-07T14:36:15.144000,20.3
2025-05-07T14:36:10.141000,35.1
2025-05-07T14:36:05.136000,28.89
2025-05-07T14:36:00.131000,28.81
2025-05-07T14:35:55.126000,25.54
2025-05-07T14:35:50.123000,36.79
2025-05-07T14:35:45.118000,33.71
2025-05-07T14:35:40.113000,37.31
2025-05-07T14:35:35.105000,21.19
2025-05-07T14:35:30.101000,20.45
2025-05-07T14:35:25.095000,22.49
2025-05-07T14:35:20.074000,35.26
2025-05-07T14:35:15.055000,39.3
2025-05-07T14:35:10.047000,34.92
2025-05-07T14:35:05.042000,28.08
2025-05-07T14:35:00.037000,21.4
2025-05-07T14:34:55.032000,26.13
2025-05-07T14:34:50.029000,31.71
2025-05-07T14:34:45.024000,22.02
2025-05-07T14:34:40.018000,21.46
2025-05-07T14:34:35.014000,39.93
2025-05-07T14:34:30.010000,31.65
2025-05-07T14:34:25.006000,22.34
2025-05-07T14:34:20.001000,25.09
2025-05-07T14:34:14.997000,32.61
2025-05-07T14:34:09.993000,26.61
2025-05-07T14:34:04.988000,37.55
2025-05-07T14:33:59.984000,35.32
2025-05-07T14:33:54.980000,30.96
2025-05-07T14:33:49.979000,26.86
2025-05-07T14:33:44.974000,31.93
2025-05-07T14:33:39.963000,39.7
2025-05-07T14:33:34.958000,29.63
2025-05-07T14:33:29.952000,27.25
2025-05-07T14:33:24.948000,24.63
2025-05-07T14:33:19.946000,27.59
2025-05-07T14:33:14.937000,39.25
2025-05-07T14:33:09.934000,31.91
2025-05-07T14:33:04.931000,20.32
2025-05-07T14:32:59.927000,40.0
2025-05-07T14:32:54.924000,26.61
2025-05-07T14:32:49.922000,28.37
2025-05-07T14:32:44.919000,29.93
2025-05-07T14:32:39.914000,21.28
2025-05-07T14:32:34.910000,22.7
2025-05-07T14:32:29.906000,20.13
2025-05-07T14:32:24.903000,21.65
2025-05-07T14:32:19.900000,28.53
2025-05-07T14:32:14.897000,27.66
2025-05-07T14:32:09.893000,33.77
2025-05-07T14:32:04.889000,21.87
2025-05-07T14:31:59.885000,37.09
2025-05-07T14:31:54.882000,25.68
2025-05-07T14:31:49.879000,29.33
2025-05-07T14:31:44.873000,30.54
2025-05-07T14:31:39.870000,37.93
2025-05-07T14:31:34.865000,34.97
2025-05-07T14:31:29.861000,25.04
2025-05-07T14:31:24.858000,36.53
2025-05-07T14:31:19.857000,32.21
2025-05-07T14:31:14.854000,27.05
2025-05-07T14:31:09.851000,27.44
2025-05-07T14:31:04.848000,23.23
2025-05-07T14:30:59.844000,25.37
2025-05-07T14:30:54.840000,22.23
2025-05-07T14:30:49.795000,34.54
2025-05-07T14:30:44.792000,33.66
2025-05-07T14:30:39.788000,24.22
2025-05-07T14:30:34.784000,34.93
2025-05-07T14:30:29.780000,24.92
2025-05-07T14:30:24.777000,29.89
2025-05-07T14:30:19.775000,33.22
2025-05-07T14:30:14.772000,33.15
2025-05-07T14:30:09.768000,34.65
2025-05-07T14:30:04.765000,34.82
2025-05-07T14:29:59.762000,36.97
2025-05-07T14:29:54.758000,37.36
2025-05-07T14:29:49.758000,21.89
2025-05-07T14:29:44.754000,37.79
2025-05-07T14:29:39.750000,30.71
2025-05-07T14:29:34.746000,38.2
2025-05-07T14:29:29.740000,36.09
2025-05-07T14:29:24.734000,24.24
2025-05-07T14:29:19.725000,21.02
2025-05-07T14:29:14.721000,34.0
2025-05-07T14:29:09.717000,35.62
2025-05-07T14:29:04.714000,27.21
2025-05-07T14:28:59.710000,22.86
2025-05-07T14:28:54.706000,29.28
2025-05-07T14:28:49.703000,35.84
2025-05-07T14:28:44.696000,30.73
2025-05-07T14:28:39.692000,22.63
2025-05-07T14:28:34.688000,37.41
2025-05-07T14:28:29.684000,22.22
2025-05-07T14:28:24.679000,31.2
2025-05-07T14:28:19.677000,21.51
2025-05-07T14:28:14.673000,38.42
2025-05-07T14:28:09.669000,20.19
2025-05-07T14:28:04.666000,25.12
2025-05-07T14:27:59.661000,20.68
2025-05-07T14:27:54.657000,24.16
2025-05-07T14:27:49.621000,22.93
2025-05-07T14:27:44.616000,39.19
2025-05-07T14:27:39.612000,30.19
2025-05-07T14:27:34.608000,32.44
2025-05-07T14:27:29.605000,38.07
2025-05-07T14:27:24.600000,27.3
2025-05-07T14:27:19.598000,32.8
2025-05-07T14:27:14.591000,39.51
2025-05-07T14:27:09.497000,38.5
2025-05-07T14:27:04.492000,26.2
2025-05-07T14:26:59.488000,34.98
2025-05-07T14:26:54.480000,35.57
2025-05-07T14:26:49.474000,22.92
2025-05-07T14:26:44.470000,31.95
2025-05-07T14:26:39.465000,25.28
2025-05-07T14:26:34.458000,39.54
2025-05-07T14:26:29.453000,35.99
2025-05-07T14:26:24.448000,22.93
2025-05-07T14:26:19.444000,25.26
2025-05-07T14:26:14.438000,25.12
2025-05-07T14:26:09.433000,22.0
2025-05-07T14:26:04.427000,24.77
2025-05-07T14:25:59.422000,37.18
2025-05-07T14:25:54.421000,30.49
2025-05-07T14:25:49.417000,32.28
2025-05-07T14:25:44.412000,29.23
2025-05-07T14:25:39.409000,25.36
2025-05-07T14:25:34.401000,36.79
2025-05-07T14:25:29.396000,32.85
2025-05-07T14:25:24.391000,25.23
2025-05-07T14:25:19.386000,27.93
2025-05-07T14:25:14.382000,25.09
2025-05-07T14:25:09.377000,32.89
2025-05-07T14:25:04.373000,33.42
2025-05-07T14:24:59.369000,25.79
2025-05-07T14:24:54.365000,37.86
2025-05-07T14:24:49.361000,29.27
2025-05-07T14:24:44.356000,38.75
2025-05-07T14:24:39.351000,24.58
2025-05-07T14:24:34.345000,25.41
2025-05-07T14:24:29.340000,23.74
2025-05-07T14:24:24.334000,28.7
2025-05-07T14:24:19.330000,20.45
2025-05-07T14:24:14.325000,30.67
2025-05-07T14:24:09.320000,31.65
2025-05-07T14:24:04.316000,21.68
2025-05-07T14:23:59.311000,37.4
2025-05-07T14:23:54.306000,20.85
2025-05-07T14:23:49.304000,28.3
2025-05-07T14:23:44.300000,34.98
2025-05-07T14:23:39.296000,27.13
2025-05-07T14:23:34.292000,38.15
2025-05-07T14:23:29.257000,21.89
2025-05-07T14:23:24.247000,26.26
2025-05-07T14:23:19.244000,38.67
2025-05-07T14:23:14.241000,39.77
2025-05-07T14:23:09.235000,21.07
2025-05-07T14:23:04.230000,39.79
2025-05-07T14:22:59.226000,22.34
2025-05-07T14:22:54.222000,36.69
2025-05-07T14:22:49.219000,37.05
2025-05-07T14:22:44.215000,21.05
2025-05-07T14:22:39.210000,39.9
2025-05-07T14:22:34.196000,28.45
2025-05-07T14:22:29.192000,25.98
2025-05-07T14:22:24.189000,34.3
2025-05-07T14:22:19.187000,33.88
2025-05-07T14:22:14.183000,34.96
2025-05-07T14:22:09.178000,38.16
2025-05-07T14:22:04.175000,29.51
2025-05-07T14:21:59.169000,20.84
2025-05-07T14:21:54.165000,31.93
2025-05-07T14:21:49.161000,35.55
2025-05-07T14:21:44.157000,37.36
2025-05-07T14:21:39.153000,23.19
2025-05-07T14:21:34.148000,30.13
2025-05-07T14:21:29.145000,25.02
2025-05-07T14:21:24.138000,27.91
2025-05-07T14:21:19.134000,31.12
2025-05-07T14:21:14.129000,31.63
2025-05-07T14:21:09.125000,35.04
2025-05-07T14:21:04.120000,25.95
2025-05-07T14:20:59.116000,32.94
2025-05-07T14:20:54.112000,27.93
2025-05-07T14:20:49.110000,37.75
2025-05-07T14:20:44.105000,34.05
2025-05-07T14:20:39.102000,27.64
2025-05-07T14:20:34.098000,26.85
2025-05-07T14:20:29.094000,20.54
2025-05-07T14:20:24.090000,26.52
2025-05-07T14:20:19.088000,20.79
2025-05-07T14:20:14.084000,33.28
2025-05-07T14:20:09.080000,22.22
2025-05-07T14:20:04.076000,37.97
2025-05-07T14:19:59.072000,27.8
2025-05-07T14:19:54.066000,30.42
2025-05-07T14:19:49.063000,34.44
2025-05-07T14:19:44.058000,35.36
2025-05-07T14:19:39.054000,37.9
2025-05-07T14:19:34.049000,31.64
2025-05-07T14:19:29.046000,37.52
2025-05-07T14:19:24.042000,31.39
2025-05-07T14:19:19.038000,30.0
2025-05-07T14:19:14.034000,32.46
2025-05-07T14:19:09.028000,36.41
2025-05-07T14:19:04.023000,27.39
2025-05-07T14:18:59.020000,35.4
2025-05-07T14:18:54.016000,27.42
2025-05-07T14:18:49.015000,34.71
2025-05-07T14:18:44.010000,21.87
2025-05-07T14:18:39.007000,38.98
2025-05-07T14:18:34.002000,31.62
2025-05-07T14:18:28.998000,38.29
2025-05-07T14:18:23.994000,34.0
2025-05-07T14:18:18.991000,39.5
2025-05-07T14:18:13.986000,36.49
2025-05-07T14:18:08.982000,28.13
2025-05-07T14:18:03.978000,24.8
2025-05-07T14:17:58.975000,24.34
2025-05-07T14:17:53.971000,32.69
2025-05-07T14:17:48.969000,38.43
2025-05-07T14:17:43.966000,21.03
2025-05-07T14:17:38.962000,29.24
2025-05-07T14:17:33.958000,27.84
2025-05-07T14:17:28.954000,32.58
2025-05-07T14:17:23.950000,32.72
2025-05-07T14:17:18.948000,33.22
2025-05-07T14:17:13.941000,31.33
2025-05-07T14:17:08.935000,24.28
2025-05-07T14:17:03.930000,22.87
2025-05-07T14:16:58.925000,32.69
2025-05-07T14:16:53.920000,31.79
2025-05-07T14:16:48.918000,20.46
2025-05-07T14:16:43.913000,37.68
2025-05-07T14:16:38.909000,33.95
2025-05-07T14:16:33.906000,22.02
2025-05-07T14:16:28.902000,34.77
2025-05-07T14:16:23.893000,37.94
2025-05-07T14:16:18.890000,25.36
2025-05-07T14:16:13.887000,21.41
2025-05-07T14:16:08.883000,22.62
2025-05-07T14:16:03.879000,20.55
2025-05-07T14:15:58.874000,20.67
2025-05-07T14:15:53.870000,33.2
2025-05-07T14:15:48.868000,25.61
2025-05-07T14:15:43.864000,39.49
2025-05-07T14:15:38.860000,26.28
2025-05-07T14:15:33.857000,24.8
2025-05-07T14:15:28.854000,21.54
2025-05-07T14:15:23.850000,32.23
2025-05-07T14:15:18.847000,29.48
2025-05-07T14:15:13.843000,20.45
2025-05-07T14:15:08.839000,26.41
2025-05-07T14:15:03.835000,28.88
2025-05-07T14:14:58.830000,23.06
2025-05-07T14:14:53.827000,34.49
2025-05-07T14:14:48.825000,23.9
2025-05-07T14:14:43.821000,29.41
2025-05-07T14:14:38.816000,26.76
2025-05-07T14:14:33.810000,39.09
2025-05-07T14:14:28.804000,21.05
2025-05-07T14:14:23.797000,35.54
2025-05-07T14:14:18.794000,23.92
2025-05-07T14:14:13.789000,30.39
2025-05-07T14:14:08.785000,38.26
2025-05-07T14:14:03.780000,38.83
2025-05-07T14:13:58.776000,34.09
2025-05-07T14:13:53.772000,22.27
2025-05-07T14:13:48.770000,26.29
2025-05-07T14:13:43.765000,27.49
2025-05-07T14:13:38.762000,33.08
2025-05-07T14:13:33.758000,39.13
2025-05-07T14:13:28.754000,25.93
2025-05-07T14:13:23.750000,28.45
2025-05-07T14:13:18.748000,26.3
2025-05-07T14:13:13.744000,29.58
2025-05-07T14:13:08.741000,25.1
2025-05-07T14:13:03.737000,31.71
2025-05-07T14:12:58.732000,28.64
2025-05-07T14:12:53.728000,22.77
2025-05-07T14:12:48.726000,31.26
2025-05-07T14:12:43.723000,21.54
2025-05-07T14:12:38.719000,39.7
2025-05-07T14:12:33.715000,37.85
2025-05-07T14:12:28.711000,35.26
2025-05-07T14:12:23.707000,29.39
2025-05-07T14:12:18.704000,32.85
2025-05-07T14:12:13.701000,28.64
2025-05-07T14:12:08.698000,22.48
2025-05-07T14:12:03.695000,29.59
2025-05-07T14:11:58.691000,21.15
2025-05-07T14:11:53.687000,32.51
2025-05-07T14:11:48.686000,36.35
2025-05-07T14:11:43.682000,35.23
2025-05-07T14:11:38.679000,25.38
2025-05-07T14:11:33.674000,39.54
2025-05-07T14:11:28.670000,22.09
2025-05-07T14:11:23.665000,26.86
2025-05-07T14:11:18.663000,25.71
2025-05-07T14:11:13.656000,30.32
2025-05-07T14:11:08.650000,33.52
2025-05-07T14:11:03.647000,35.58
2025-05-07T14:10:58.644000,31.0
2025-05-07T14:10:53.641000,28.6
2025-05-07T14:10:48.637000,24.04
2025-05-07T14:10:43.634000,39.64
2025-05-07T14:10:38.629000,36.41
2025-05-07T14:10:33.625000,29.23
2025-05-07T14:10:28.620000,23.12
2025-05-07T14:10:23.611000,39.03
2025-05-07T14:10:18.609000,32.55
2025-05-07T14:10:13.605000,39.69
2025-05-07T14:10:08.601000,37.27
2025-05-07T14:10:03.596000,33.91
2025-05-07T14:09:58.592000,23.37
2025-05-07T14:09:53.562000,24.33
2025-05-07T14:09:48.560000,33.9
2025-05-07T14:09:43.555000,30.59
2025-05-07T14:09:38.551000,34.29
2025-05-07T14:09:33.547000,30.81
2025-05-07T14:09:28.541000,26.3
2025-05-07T14:09:23.532000,27.59
2025-05-07T14:09:18.531000,22.73
2025-05-07T14:09:13.527000,24.18
2025-05-07T14:09:08.523000,38.05
2025-05-07T14:09:03.518000,21.19
2025-05-07T14:08:58.513000,38.52
2025-05-07T14:08:53.508000,39.82
2025-05-07T14:08:48.504000,25.62
2025-05-07T14:08:43.498000,37.19
2025-05-07T14:08:38.493000,33.29
2025-05-07T14:08:33.485000,38.01
2025-05-07T14:08:28.480000,33.53
2025-05-07T14:08:23.475000,34.31
2025-05-07T14:08:18.472000,21.57
2025-05-07T14:08:13.464000,29.49
2025-05-07T14:08:08.458000,25.65
2025-05-07T14:08:03.454000,22.62
2025-05-07T14:07:58.450000,30.73
2025-05-07T14:07:53.429000,34.8
2025-05-07T14:07:48.426000,34.89
2025-05-07T14:07:43.422000,27.7
2025-05-07T14:07:38.418000,37.57
2025-05-07T14:07:33.411000,33.35
2025-05-07T14:07:28.406000,32.44
2025-05-07T14:07:23.403000,21.63
2025-05-07T14:07:18.398000,38.58
2025-05-07T14:07:13.394000,22.71
2025-05-07T14:07:08.387000,38.2
2025-05-07T14:07:03.382000,31.59
2025-05-07T14:06:58.378000,39.88
2025-05-07T14:06:53.373000,39.55
2025-05-07T14:06:48.369000,37.98
2025-05-07T14:06:43.364000,20.12
2025-05-07T14:06:38.359000,21.24
2025-05-07T14:06:33.354000,32.57
2025-05-07T14:06:28.347000,36.15
2025-05-07T14:06:23.344000,20.02
2025-05-07T14:06:18.341000,30.86
2025-05-07T14:06:13.337000,25.02
2025-05-07T14:06:08.334000,33.57
2025-05-07T14:06:03.328000,36.53
2025-05-07T14:05:58.323000,31.51
2025-05-07T14:05:53.320000,26.71
2025-05-07T14:05:48.317000,25.3
2025-05-07T14:05:43.313000,25.67
2025-05-07T14:05:38.308000,33.42
2025-05-07T14:05:33.304000,39.25
2025-05-07T14:05:28.294000,26.28
2025-05-07T14:05:23.288000,29.5
2025-05-07T14:05:18.286000,32.2
2025-05-07T14:05:13.282000,29.18
2025-05-07T14:05:08.278000,24.82
2025-05-07T14:05:03.273000,28.48
2025-05-07T14:04:58.269000,34.53
2025-05-07T14:04:53.266000,32.4
2025-05-07T14:04:48.264000,30.74
2025-05-07T14:04:43.259000,23.26
2025-05-07T14:04:38.258000,23.25
2025-05-07T14:04:33.251000,38.27
2025-05-07T14:04:28.247000,22.67
2025-05-07T14:04:23.243000,21.77
2025-05-07T14:04:18.240000,32.2
2025-05-07T14:04:13.235000,21.0
2025-05-07T14:04:08.230000,37.51
2025-05-07T14:04:03.225000,34.12
2025-05-07T14:03:58.221000,37.07
2025-05-07T14:03:53.217000,25.73
2025-05-07T14:03:48.215000,24.93
2025-05-07T14:03:43.212000,20.44
2025-05-07T14:03:38.207000,25.84
2025-05-07T14:03:33.202000,29.61
2025-05-07T14:03:28.198000,27.56
2025-05-07T14:03:23.195000,34.44
2025-05-07T14:03:18.194000,29.42
2025-05-07T14:03:13.188000,32.15
2025-05-07T14:03:08.183000,27.67
2025-05-07T14:03:03.177000,26.12
2025-05-07T14:02:58.173000,39.39
2025-05-07T14:02:53.169000,24.91
2025-05-07T14:02:48.166000,22.15
2025-05-07T14:02:43.161000,31.17
2025-05-07T14:02:38.154000,34.25
2025-05-07T14:02:33.149000,36.31
2025-05-07T14:02:28.144000,27.06
2025-05-07T14:02:23.139000,28.76
2025-05-07T14:02:18.137000,36.88
2025-05-07T14:02:13.127000,24.04
2025-05-07T14:02:08.121000,33.78
2025-05-07T14:02:03.116000,32.17
2025-05-07T14:01:58.082000,32.16
2025-05-07T14:01:53.066000,22.36
2025-05-07T14:01:48.061000,21.4
2025-05-07T14:01:43.037000,27.6
2025-05-07T14:01:38.027000,26.33
2025-05-07T14:01:33.021000,20.04
2025-05-07T14:01:28.016000,29.35
2025-05-07T14:01:23.007000,27.93
2025-05-07T14:01:18.001000,33.5
2025-05-07T14:01:12.995000,35.77
2025-05-07T14:01:07.990000,33.91
2025-05-07T14:01:02.985000,26.01
2025-05-07T14:00:57.975000,39.66
2025-05-07T14:00:52.969000,24.78
2025-05-07T14:00:47.962000,29.78
2025-05-07T14:00:42.952000,28.48
2025-05-07T14:00:37.947000,32.06
2025-05-07T14:00:32.944000,38.06
2025-05-07T14:00:27.936000,30.52
2025-05-07T14:00:22.924000,25.15
2025-05-07T14:00:17.921000,22.4
2025-05-07T14:00:12.914000,33.97
2025-05-07T14:00:07.909000,28.1
2025-05-07T14:00:02.901000,34.16
2025-05-07T13:59:57.897000,27.61
2025-05-07T13:59:52.891000,33.78
2025-05-07T13:59:47.887000,27.5
2025-05-07T13:59:42.882000,37.38
2025-05-07T13:59:37.877000,29.93
2025-05-07T13:59:32.867000,37.06
2025-05-07T13:59:27.862000,24.48
2025-05-07T13:59:22.855000,35.78
2025-05-07T13:59:17.852000,23.42
2025-05-07T13:59:12.845000,34.48
2025-05-07T13:59:07.841000,23.15
2025-05-07T13:59:02.836000,31.14
2025-05-07T13:58:57.831000,37.88
2025-05-07T13:58:52.824000,35.39
2025-05-07T13:58:47.819000,33.24
2025-05-07T13:58:42.815000,38.13
2025-05-07T13:58:37.811000,35.29
2025-05-07T13:58:32.805000,23.04
2025-05-07T13:58:27.802000,35.71
2025-05-07T13:58:22.797000,39.43
2025-05-07T13:58:17.795000,30.75
2025-05-07T13:58:12.790000,31.75
2025-05-07T13:58:07.785000,34.06
2025-05-07T13:58:02.781000,30.83
2025-05-07T13:57:57.775000,24.81
2025-05-07T13:57:52.770000,33.21
2025-05-07T13:57:47.767000,38.69
2025-05-07T13:57:42.762000,37.52
2025-05-07T13:57:37.754000,20.91
2025-05-07T13:57:32.747000,26.63
2025-05-07T13:57:27.742000,38.77
2025-05-07T13:57:22.735000,26.21
2025-05-07T13:57:17.731000,20.63
2025-05-07T13:57:12.726000,38.53
2025-05-07T13:57:07.721000,20.95
2025-05-07T13:57:02.717000,30.33
2025-05-07T13:56:57.709000,25.32
2025-05-07T13:56:52.699000,32.17
2025-05-07T13:56:47.696000,27.07
2025-05-07T13:56:42.684000,20.19
2025-05-07T13:56:37.678000,25.14
2025-05-07T13:56:32.673000,28.86
2025-05-07T13:56:27.667000,29.73
2025-05-07T13:56:22.664000,23.76
2025-05-07T13:56:17.662000,32.48
2025-05-07T13:56:12.658000,20.23
2025-05-07T13:56:07.650000,32.05
2025-05-07T13:56:02.645000,24.14
2025-05-07T13:55:57.637000,31.76
2025-05-07T13:55:52.631000,36.97
2025-05-07T13:55:47.627000,27.52
2025-05-07T13:55:42.617000,39.75
2025-05-07T13:55:37.612000,35.9
2025-05-07T13:55:32.604000,28.68
2025-05-07T13:55:27.599000,28.94
2025-05-07T13:55:22.592000,34.74
2025-05-07T13:55:17.589000,38.2
2025-05-07T13:55:12.583000,22.05
2025-05-07T13:55:07.578000,36.11
2025-05-07T13:55:02.571000,20.6
2025-05-07T13:54:57.567000,32.23
2025-05-07T13:54:52.561000,37.96
2025-05-07T13:54:47.559000,32.5
2025-05-07T13:54:42.554000,21.63
2025-05-07T13:54:37.548000,22.37
2025-05-07T13:54:32.542000,37.39
2025-05-07T13:54:27.536000,23.57
2025-05-07T13:54:22.530000,25.47
2025-05-07T13:54:17.527000,37.71
2025-05-07T13:54:12.522000,26.95
2025-05-07T13:54:07.518000,21.82
2025-05-07T13:54:02.513000,27.19
2025-05-07T13:53:57.506000,39.49
2025-05-07T13:53:52.500000,24.61
2025-05-07T13:53:47.496000,38.18
2025-05-07T13:53:42.477000,33.51
2025-05-07T13:53:37.472000,37.91
2025-05-07T13:53:32.466000,31.05
2025-05-07T13:53:27.460000,28.63
2025-05-07T13:53:22.456000,27.91
2025-05-07T13:53:17.454000,38.7
2025-05-07T13:53:12.448000,34.29
2025-05-07T13:53:07.439000,28.98
2025-05-07T13:53:02.434000,25.45
2025-05-07T13:52:57.430000,22.33
2025-05-07T13:52:52.425000,26.31
2025-05-07T13:52:47.422000,39.8
2025-05-07T13:52:42.414000,29.66
2025-05-07T13:52:37.404000,27.1
2025-05-07T13:52:32.384000,33.03
2025-05-07T13:52:27.373000,39.28
2025-05-07T13:52:22.361000,32.64
2025-05-07T13:52:17.360000,22.79
2025-05-07T13:52:12.356000,20.51
2025-05-07T13:52:07.349000,32.72
2025-05-07T13:52:02.342000,30.53
2025-05-07T13:51:57.336000,36.81
2025-05-07T13:51:52.331000,26.18
2025-05-07T13:51:47.326000,34.9
2025-05-07T13:51:42.315000,33.34
2025-05-07T13:51:37.308000,23.6
2025-05-07T13:51:32.303000,27.02
2025-05-07T13:51:27.295000,37.78
2025-05-07T13:51:22.292000,31.97
2025-05-07T13:51:17.287000,26.35
2025-05-07T13:51:12.281000,33.36
2025-05-07T13:51:07.273000,37.27
2025-05-07T13:51:02.266000,38.55
2025-05-07T13:50:57.257000,38.05
2025-05-07T13:50:52.255000,32.94
2025-05-07T13:50:47.250000,29.1
2025-05-07T13:50:42.245000,37.92
2025-05-07T13:50:37.240000,20.4
2025-05-07T13:50:32.234000,31.11
2025-05-07T13:50:27.220000,37.04
2025-05-07T13:50:22.213000,38.78
2025-05-07T13:50:17.206000,23.49
2025-05-07T13:50:12.200000,33.34
2025-05-07T13:50:07.195000,32.86
2025-05-07T13:50:02.191000,37.66
2025-05-07T13:49:57.186000,37.38
2025-05-07T13:49:52.183000,31.44
2025-05-07T13:49:47.177000,37.6
2025-05-07T13:49:42.170000,38.13
2025-05-07T13:49:37.166000,33.27
2025-05-07T13:49:32.159000,34.64
2025-05-07T13:49:27.153000,34.72
2025-05-07T13:49:22.146000,36.79
2025-05-07T13:49:17.127000,21.64
2025-05-07T13:49:12.119000,39.28
2025-05-07T13:49:07.115000,38.49
2025-05-07T13:49:02.098000,39.8
2025-05-07T13:48:57.084000,23.44
2025-05-07T13:48:52.059000,23.59
2025-05-07T13:48:47.031000,31.72
2025-05-07T13:48:42.024000,23.05
2025-05-07T13:48:37.019000,28.76
2025-05-07T13:48:32.012000,22.43
2025-05-07T13:48:27.006000,29.03
2025-05-07T13:48:22.004000,35.14
2025-05-07T13:48:16.998000,29.3
2025-05-07T13:48:11.993000,38.31
2025-05-07T13:48:06.988000,32.89
2025-05-07T13:48:01.926000,34.39
2025-05-07T13:47:57.355000,33.59
2025-05-06T22:23:55.594000,27.75
2025-05-06T22:23:50.990000,22.49
2025-05-06T22:23:46.187000,22.8
2025-05-06T22:23:41.183000,31.5
2025-05-06T22:23:36.180000,22.0
2025-05-06T22:23:31.176000,35.01
2025-05-06T22:23:26.171000,24.34
2025-05-06T22:23:21.166000,25.18
2025-05-06T22:23:16.163000,31.83
2025-05-06T22:23:11.157000,30.53
2025-05-06T22:23:06.155000,39.39
2025-05-06T22:23:01.149000,24.33
2025-05-06T22:22:56.145000,39.06
2025-05-06T22:22:51.141000,25.67
2025-05-06T22:22:46.137000,27.88
2025-05-06T22:22:41.132000,22.98
2025-05-06T22:22:36.130000,24.82
2025-05-06T22:22:31.124000,38.73
2025-05-06T22:22:26.120000,28.99
2025-05-06T22:22:21.115000,21.88
2025-05-06T22:22:16.111000,28.44
2025-05-06T22:22:11.108000,27.99
2025-05-06T22:22:06.106000,29.54
2025-05-06T22:22:01.103000,24.48
2025-05-06T22:21:56.099000,27.21
2025-05-06T22:21:51.093000,39.67
2025-05-06T22:21:46.089000,39.74
2025-05-06T22:21:41.085000,23.77
2025-05-06T22:21:36.084000,33.0
2025-05-06T22:21:31.079000,29.45
2025-05-06T22:21:26.074000,27.05
2025-05-06T22:21:21.068000,31.3
2025-05-06T22:21:16.063000,31.91
2025-05-06T22:21:11.058000,31.76
2025-05-06T22:21:06.057000,29.28
2025-05-06T22:21:01.053000,35.83
2025-05-06T22:20:56.048000,25.93
2025-05-06T22:20:51.044000,25.11
2025-05-06T22:20:46.040000,39.77
2025-05-06T22:20:41.034000,28.66
2025-05-06T22:20:36.031000,27.09
2025-05-06T22:20:31.025000,25.95
2025-05-06T22:20:26.022000,36.82
2025-05-06T22:20:21.018000,29.08
2025-05-06T22:20:16.519000,30.95
2025-05-06T22:20:11.008000,26.13
2025-05-06T22:20:06.006000,20.19
2025-05-06T22:20:01.001000,24.11
2025-05-06T22:19:55.997000,38.75
2025-05-06T22:19:50.992000,35.98
2025-05-06T22:19:45.988000,23.81
2025-05-06T22:19:40.981000,29.01
2025-05-06T22:19:35.980000,24.6
2025-05-06T22:19:30.974000,26.03
2025-05-06T22:19:25.969000,24.81
2025-05-06T22:19:20.965000,36.21
2025-05-06T22:19:15.960000,24.83
2025-05-06T22:19:10.956000,34.61
2025-05-06T22:19:05.955000,34.08
2025-05-06T22:19:00.948000,27.46
2025-05-06T22:18:55.945000,32.93
2025-05-06T22:18:50.941000,27.81
2025-05-06T22:18:45.935000,25.26
2025-05-06T22:18:40.932000,26.42
2025-05-06T22:18:35.931000,38.34
2025-05-06T22:18:30.927000,26.08
2025-05-06T22:18:25.923000,23.19
2025-05-06T22:18:20.919000,35.55
2025-05-06T22:18:15.914000,22.84
2025-05-06T22:18:10.910000,37.07
2025-05-06T22:18:05.907000,24.13
2025-05-06T22:18:00.902000,35.61
2025-05-06T22:17:55.897000,24.26
2025-05-06T22:17:50.892000,31.04
2025-05-06T22:17:45.889000,36.16
2025-05-06T22:17:40.885000,25.27
2025-05-06T22:17:35.884000,25.72
2025-05-06T22:17:30.881000,24.1
2025-05-06T22:17:25.876000,25.98
2025-05-06T22:17:20.872000,30.96
2025-05-06T22:17:15.866000,30.66
2025-05-06T22:17:10.862000,26.79
2025-05-06T22:17:05.861000,37.95
2025-05-06T22:17:00.854000,36.84
2025-05-06T22:16:55.850000,27.15
2025-05-06T22:16:50.845000,28.18
2025-05-06T22:16:45.841000,23.79
2025-05-06T22:16:40.838000,35.67
2025-05-06T22:16:35.837000,39.2
2025-05-06T22:16:30.831000,25.46
2025-05-06T22:16:25.827000,32.11
2025-05-06T22:16:20.822000,35.83
2025-05-06T22:16:15.819000,30.43
2025-05-06T22:16:10.813000,30.15
2025-05-06T22:16:05.811000,26.45
2025-05-06T22:16:00.806000,23.65
2025-05-06T22:15:55.803000,33.02
2025-05-06T22:15:50.799000,31.88
2025-05-06T22:15:45.795000,24.61
2025-05-06T22:15:40.789000,36.91
2025-05-06T22:15:35.789000,30.14
2025-05-06T22:15:30.784000,21.93
2025-05-06T22:15:25.781000,37.37
2025-05-06T22:15:20.776000,20.5
2025-05-06T22:15:15.776000,36.77
2025-05-06T22:15:10.769000,23.46
2025-05-06T22:15:05.769000,36.28
2025-05-06T22:15:00.766000,37.21
2025-05-06T22:14:55.756000,21.72
2025-05-06T22:14:50.749000,26.94
2025-05-06T22:14:45.739000,31.22
2025-05-06T22:14:40.732000,36.97
2025-05-06T22:14:35.730000,36.29
2025-05-06T22:14:30.724000,27.16
2025-05-06T22:14:25.717000,33.11
2025-05-06T22:14:20.713000,20.91
2025-05-06T22:14:15.709000,37.61
2025-05-06T22:14:10.704000,35.05
2025-05-06T22:14:05.704000,38.41
2025-05-06T22:14:00.701000,39.31
2025-05-06T22:13:55.696000,39.01
2025-05-06T22:13:50.693000,26.41
2025-05-06T22:13:45.690000,29.35
2025-05-06T22:13:40.686000,30.1
2025-05-06T22:13:35.686000,28.09
2025-05-06T22:13:30.683000,22.79
2025-05-06T22:13:25.679000,39.7
2025-05-06T22:13:20.677000,39.95
2025-05-06T22:13:15.672000,31.0
2025-05-06T22:13:10.668000,30.85
2025-05-06T22:13:05.666000,21.92
2025-05-06T22:13:00.663000,35.31
2025-05-06T22:12:55.659000,22.53
2025-05-06T22:12:50.655000,39.89
2025-05-06T22:12:45.651000,24.26
2025-05-06T22:12:40.647000,36.17
2025-05-06T22:12:35.645000,37.67
2025-05-06T22:12:30.638000,26.7
2025-05-06T22:12:25.636000,26.78
2025-05-06T22:12:20.632000,37.34
2025-05-06T22:12:15.629000,23.95
2025-05-06T22:12:10.626000,20.13
2025-05-06T22:12:05.624000,21.94
2025-05-06T22:12:00.621000,26.5
2025-05-06T22:11:55.618000,38.44
2025-05-06T22:11:50.614000,38.22
2025-05-06T22:11:45.611000,33.83
2025-05-06T22:11:40.607000,24.66
2025-05-06T22:11:35.607000,20.33
2025-05-06T22:11:30.602000,22.1
2025-05-06T22:11:25.598000,35.63
2025-05-06T22:11:20.595000,33.8
2025-05-06T22:11:15.607000,27.02
2025-05-06T22:11:10.587000,33.51
2025-05-06T22:11:05.585000,24.63
2025-05-06T22:11:00.581000,37.0
2025-05-06T22:10:55.577000,25.91
2025-05-06T22:10:50.571000,21.02
2025-05-06T22:10:45.568000,37.88
2025-05-06T22:10:40.564000,21.23
2025-05-06T22:10:35.564000,34.33
2025-05-06T22:10:30.560000,24.6
2025-05-06T22:10:25.557000,22.57
2025-05-06T22:10:20.554000,37.03
2025-05-06T22:10:15.549000,36.75
2025-05-06T22:10:10.546000,28.61
2025-05-06T22:10:05.544000,34.44
2025-05-06T22:10:00.539000,37.47
2025-05-06T22:09:55.536000,26.69
2025-05-06T22:09:50.533000,23.93
2025-05-06T22:09:45.531000,30.77
2025-05-06T22:09:40.525000,22.63
2025-05-06T22:09:35.524000,32.39
2025-05-06T22:09:30.520000,29.67
2025-05-06T22:09:25.517000,29.32
2025-05-06T22:09:20.513000,27.39
2025-05-06T22:09:15.511000,24.95
2025-05-06T22:09:10.507000,38.05
2025-05-06T22:09:05.505000,38.19
2025-05-06T22:09:00.501000,28.5
2025-05-06T22:08:55.496000,28.83
2025-05-06T22:08:50.493000,24.59
2025-05-06T22:08:45.490000,31.01
2025-05-06T22:08:40.485000,22.92
2025-05-06T22:08:35.481000,32.17
2025-05-06T22:08:30.477000,31.99
2025-05-06T22:08:25.471000,23.9
2025-05-06T22:08:20.468000,31.56
2025-05-06T22:08:15.465000,28.25
2025-05-06T22:08:10.461000,33.1
2025-05-06T22:08:05.462000,26.68
2025-05-06T22:08:00.457000,33.38
2025-05-06T22:07:55.454000,24.59
2025-05-06T22:07:50.450000,32.73
2025-05-06T22:07:45.444000,25.75
2025-05-06T22:07:40.440000,28.53
2025-05-06T22:07:35.436000,36.79
2025-05-06T22:07:30.432000,26.54
2025-05-06T22:07:25.428000,31.32
2025-05-06T22:07:20.425000,32.17
2025-05-06T22:07:15.432000,32.87
2025-05-06T22:07:10.418000,20.18
2025-05-06T22:07:05.417000,39.43
2025-05-06T22:07:00.413000,20.97
2025-05-06T22:06:55.409000,30.2
2025-05-06T22:06:50.403000,38.19
2025-05-06T22:06:45.400000,24.61
2025-05-06T22:06:40.397000,24.14
2025-05-06T22:06:35.395000,28.56
2025-05-06T22:06:30.391000,28.97
2025-05-06T22:06:25.388000,36.21
2025-05-06T22:06:20.384000,35.44
2025-05-06T22:06:15.381000,34.25
2025-05-06T22:06:10.376000,27.52
2025-05-06T22:06:05.374000,24.98
2025-05-06T22:06:00.370000,29.15
2025-05-06T22:05:55.366000,31.83
2025-05-06T22:05:50.362000,21.1
2025-05-06T22:05:45.357000,39.25
2025-05-06T22:05:40.353000,37.54
2025-05-06T22:05:35.352000,20.23
2025-05-06T22:05:30.345000,24.74
2025-05-06T22:05:25.341000,25.85
2025-05-06T22:05:20.337000,33.02
2025-05-06T22:05:15.322000,26.27
2025-05-06T22:05:10.306000,33.62
2025-05-06T22:05:05.303000,28.15
2025-05-06T22:05:00.299000,21.92
2025-05-06T22:04:55.294000,27.74
2025-05-06T22:04:50.288000,26.96
2025-05-06T22:04:45.284000,29.65
2025-05-06T22:04:40.280000,24.88
2025-05-06T22:04:35.277000,24.04
2025-05-06T22:04:30.273000,26.28
2025-05-06T22:04:25.268000,26.96
2025-05-06T22:04:20.263000,30.17
2025-05-06T22:04:15.246000,36.63
2025-05-06T22:04:10.233000,34.13
2025-05-06T22:04:05.231000,39.02
2025-05-06T22:04:00.220000,34.58
2025-05-06T22:03:55.212000,38.99
2025-05-06T22:03:50.208000,28.55
2025-05-06T22:03:45.202000,28.52
2025-05-06T22:03:40.197000,35.07
2025-05-06T22:03:35.195000,20.08
2025-05-06T22:03:30.190000,38.36
2025-05-06T22:03:25.185000,34.15
2025-05-06T22:03:20.181000,33.48
2025-05-06T22:03:15.183000,31.56
2025-05-06T22:03:10.174000,30.8
2025-05-06T22:03:05.172000,34.3
2025-05-06T22:03:00.167000,24.01
2025-05-06T22:02:55.163000,26.58
2025-05-06T22:02:50.159000,25.11
2025-05-06T22:02:45.156000,38.24
2025-05-06T22:02:40.154000,30.14
2025-05-06T22:02:35.150000,38.65
2025-05-06T22:02:30.144000,31.05
2025-05-06T22:02:25.139000,36.85
2025-05-06T22:02:20.134000,31.16
2025-05-06T22:02:15.130000,20.66
2025-05-06T22:02:10.126000,28.48
2025-05-06T22:02:05.115000,21.41
2025-05-06T22:02:00.110000,29.36
2025-05-06T22:01:55.107000,36.19
2025-05-06T22:01:50.102000,28.95
2025-05-06T22:01:45.095000,26.62
2025-05-06T22:01:40.079000,22.21
2025-05-06T22:01:35.086000,27.79
2025-05-06T22:01:30.082000,38.33
2025-05-06T22:01:25.075000,26.64
2025-05-06T22:01:20.068000,35.1
2025-05-06T22:01:15.080000,28.76
2025-05-06T22:01:10.061000,36.05
2025-05-06T22:01:05.060000,36.63
2025-05-06T22:01:00.038000,36.95
2025-05-06T22:00:55.034000,34.52
2025-05-06T22:00:50.029000,30.34
2025-05-06T22:00:45.025000,33.55
2025-05-06T22:00:40.020000,33.14
2025-05-06T22:00:35.018000,29.79
2025-05-06T22:00:30.010000,36.14
2025-05-06T22:00:24.988000,27.85
2025-05-06T22:00:19.984000,30.57
2025-05-06T22:00:14.979000,36.77
2025-05-06T22:00:09.974000,23.24
2025-05-06T22:00:04.971000,39.41
2025-05-06T21:59:59.966000,29.11
2025-05-06T21:59:54.960000,29.98
2025-05-06T21:59:49.956000,29.02
2025-05-06T21:59:44.949000,34.28
2025-05-06T21:59:39.945000,21.83
2025-05-06T21:59:34.942000,24.43
2025-05-06T21:59:29.937000,22.69
2025-05-06T21:59:24.931000,30.99
2025-05-06T21:59:19.926000,39.14
2025-05-06T21:59:14.925000,21.47
2025-05-06T21:59:09.916000,27.16
2025-05-06T21:59:04.915000,36.95
2025-05-06T21:58:59.910000,20.04
2025-05-06T21:58:54.906000,27.33
2025-05-06T21:58:49.902000,26.69
2025-05-06T21:58:44.890000,22.2
2025-05-06T21:58:39.884000,35.17
2025-05-06T21:58:34.882000,36.22
2025-05-06T21:58:29.878000,24.95
2025-05-06T21:58:24.854000,31.31
2025-05-06T21:58:19.848000,23.24
2025-05-06T21:58:14.844000,26.81
2025-05-06T21:58:09.840000,39.54
2025-05-06T21:58:04.840000,32.11
2025-05-06T21:57:59.835000,23.75
2025-05-06T21:57:54.828000,20.32
2025-05-06T21:57:49.823000,21.72
2025-05-06T21:57:44.819000,31.75
2025-05-06T21:57:39.814000,29.25
2025-05-06T21:57:34.811000,36.18
2025-05-06T21:57:29.805000,20.48
2025-05-06T21:57:24.800000,22.93
2025-05-06T21:57:19.796000,31.07
2025-05-06T21:57:14.796000,37.41
2025-05-06T21:57:09.787000,36.28
2025-05-06T21:57:04.787000,39.99
2025-05-06T21:56:59.779000,33.59
2025-05-06T21:56:54.767000,24.22
2025-05-06T21:56:49.761000,32.39
2025-05-06T21:56:44.756000,20.95
2025-05-06T21:56:39.752000,36.83
2025-05-06T21:56:34.746000,26.82
2025-05-06T21:56:29.739000,22.53
2025-05-06T21:56:24.734000,28.18
2025-05-06T21:56:19.730000,27.95
2025-05-06T21:56:14.726000,26.77
2025-05-06T21:56:09.721000,29.53
2025-05-06T21:56:04.717000,29.3
2025-05-06T21:55:59.711000,30.42
2025-05-06T21:55:54.708000,26.98
2025-05-06T21:55:49.704000,33.39
2025-05-06T21:55:44.700000,35.08
2025-05-06T21:55:39.695000,33.02
2025-05-06T21:55:34.692000,28.56
2025-05-06T21:55:29.687000,30.65
2025-05-06T21:55:24.682000,22.44
2025-05-06T21:55:19.678000,29.12
2025-05-06T21:55:14.666000,28.81
2025-05-06T21:55:09.659000,36.33
2025-05-06T21:55:04.657000,25.22
2025-05-06T21:54:59.653000,31.53
2025-05-06T21:54:54.648000,33.07
2025-05-06T21:54:49.645000,21.13
2025-05-06T21:54:44.626000,34.66
2025-05-06T21:54:39.596000,28.9
2025-05-06T21:54:34.592000,24.14
2025-05-06T21:54:29.586000,30.96
2025-05-06T21:54:24.577000,32.5
2025-05-06T21:54:19.573000,30.62
2025-05-06T21:54:14.568000,29.7
2025-05-06T21:54:09.565000,31.13
2025-05-06T21:54:04.560000,30.54
2025-05-06T21:53:59.555000,29.16
2025-05-06T21:53:54.550000,21.88
2025-05-06T21:53:49.546000,39.44
2025-05-06T21:53:44.542000,22.72
2025-05-06T21:53:39.538000,38.75
2025-05-06T21:53:34.580000,24.65
2025-05-06T21:53:29.528000,23.64
2025-05-06T21:53:24.524000,20.86
2025-05-06T21:53:19.518000,31.89
2025-05-06T21:53:14.514000,29.7
2025-05-06T21:53:09.510000,32.74
2025-05-06T21:53:04.504000,33.76
2025-05-06T21:52:59.499000,30.52
2025-05-06T21:52:54.495000,20.65
2025-05-06T21:52:49.490000,35.88
2025-05-06T21:52:44.488000,25.52
2025-05-06T21:52:39.485000,37.01
2025-05-06T21:52:34.480000,33.07
2025-05-06T21:52:29.476000,22.06
2025-05-06T21:52:24.472000,23.06
2025-05-06T21:52:19.465000,26.53
2025-05-06T21:52:14.460000,26.11
2025-05-06T21:52:09.460000,28.53
2025-05-06T21:52:04.456000,21.72
2025-05-06T21:51:59.450000,27.01
2025-05-06T21:51:54.445000,31.83
2025-05-06T21:51:49.438000,33.67
2025-05-06T21:51:44.414000,32.64
2025-05-06T21:51:39.411000,27.16
2025-05-06T21:51:34.407000,23.56
2025-05-06T21:51:29.389000,36.09
2025-05-06T21:51:24.377000,22.57
2025-05-06T21:51:19.363000,30.51
2025-05-06T21:51:14.308000,26.34
2025-05-06T21:51:09.297000,34.16
2025-05-06T21:51:04.293000,38.87
2025-05-06T21:50:59.290000,37.32
2025-05-06T21:50:54.284000,27.89
2025-05-06T21:50:49.280000,29.56
2025-05-06T21:50:44.275000,23.68
2025-05-06T21:50:39.274000,35.09
2025-05-06T21:50:34.269000,37.28
2025-05-06T21:50:29.264000,36.28
2025-05-06T21:50:24.258000,34.74
2025-05-06T21:50:19.252000,38.08
2025-05-06T21:50:14.247000,38.83
2025-05-06T21:50:09.246000,36.85
2025-05-06T21:50:04.242000,23.65
2025-05-06T21:49:59.239000,28.95
2025-05-06T21:49:54.234000,23.64
2025-05-06T21:49:49.228000,21.14
2025-05-06T21:49:44.222000,36.11
2025-05-06T21:49:39.220000,36.74
2025-05-06T21:49:34.216000,31.31
2025-05-06T21:49:29.211000,30.13
2025-05-06T21:49:24.207000,34.82
2025-05-06T21:49:19.202000,31.24
2025-05-06T21:49:14.198000,24.5
2025-05-06T21:49:09.194000,36.77
2025-05-06T21:49:04.190000,36.29
2025-05-06T21:48:59.187000,21.98
2025-05-06T21:48:54.180000,28.52
2025-05-06T21:48:49.174000,35.7
2025-05-06T21:48:44.166000,33.39
2025-05-06T21:48:39.165000,20.23
2025-05-06T21:48:34.158000,30.61
2025-05-06T21:48:29.150000,39.67
2025-05-06T21:48:24.143000,27.07
2025-05-06T21:48:19.135000,24.96
2025-05-06T21:48:14.129000,37.5
2025-05-06T21:48:09.125000,39.51
2025-05-06T21:48:04.121000,21.41
2025-05-06T21:47:59.116000,35.46
2025-05-06T21:47:54.110000,34.02
2025-05-06T21:47:49.102000,23.56
2025-05-06T21:47:44.097000,24.4
2025-05-06T21:47:39.094000,37.12
2025-05-06T21:47:34.089000,21.38
2025-05-06T21:47:29.085000,33.45
2025-05-06T21:47:24.081000,25.47
2025-05-06T21:47:19.077000,20.11
2025-05-06T21:47:14.072000,24.63
2025-05-06T21:47:09.070000,29.47
2025-05-06T21:47:04.066000,24.11
2025-05-06T21:46:59.062000,22.2
2025-05-06T21:46:54.058000,29.88
2025-05-06T21:46:49.053000,31.5
2025-05-06T21:46:44.049000,30.64
2025-05-06T21:46:39.047000,37.6
2025-05-06T21:46:34.043000,32.86
2025-05-06T21:46:29.039000,23.48
2025-05-06T21:46:24.035000,36.95
2025-05-06T21:46:19.031000,34.83
2025-05-06T21:46:14.027000,20.6
2025-05-06T21:46:09.025000,22.57
2025-05-06T21:46:04.019000,32.27
2025-05-06T21:45:59.014000,31.65
2025-05-06T21:45:54.010000,23.56
2025-05-06T21:45:49.005000,24.09
2025-05-06T21:45:44,30.22
2025-05-06T21:45:38.998000,30.75
2025-05-06T21:45:33.991000,32.14
2025-05-06T21:45:28.986000,22.49
2025-05-06T21:45:23.982000,28.61
2025-05-06T21:45:18.978000,35.24
2025-05-06T21:45:13.975000,37.78
2025-05-06T21:45:08.971000,20.83
2025-05-06T21:45:03.966000,24.1
2025-05-06T21:44:58.961000,27.06
2025-05-06T21:44:53.956000,30.0
2025-05-06T21:44:48.947000,21.98
2025-05-06T21:44:43.917000,33.51
2025-05-06T21:44:38.913000,33.03
2025-05-06T21:44:33.903000,35.17
2025-05-06T21:44:28.893000,25.83
2025-05-06T21:44:23.888000,36.34
2025-05-06T21:44:18.884000,24.04
2025-05-06T21:44:13.880000,31.92
2025-05-06T21:44:08.838000,39.64
2025-05-06T21:44:03.830000,36.27
2025-05-06T21:43:58.823000,25.52
2025-05-06T21:43:53.818000,24.67
2025-05-06T21:43:48.813000,21.08
2025-05-06T21:43:43.808000,20.91
2025-05-06T21:43:38.807000,23.91
2025-05-06T21:43:33.804000,29.3
2025-05-06T21:43:28.801000,39.85
2025-05-06T21:43:23.798000,24.4
2025-05-06T21:43:18.786000,36.19
2025-05-06T21:43:13.709000,39.38
2025-05-06T21:43:08.706000,29.64
2025-05-06T21:43:03.700000,22.51
2025-05-06T21:42:58.696000,38.82
2025-05-06T21:42:53.688000,36.77
2025-05-06T21:42:48.681000,38.1
2025-05-06T21:42:43.675000,23.51
2025-05-06T21:42:38.673000,33.55
2025-05-06T21:42:33.668000,26.52
2025-05-06T21:42:28.664000,35.92
2025-05-06T21:42:23.660000,37.16
2025-05-06T21:42:18.655000,31.34
2025-05-06T21:42:13.650000,21.96
2025-05-06T21:42:08.648000,26.29
2025-05-06T21:42:03.643000,20.82
2025-05-06T21:41:58.640000,31.85
2025-05-06T21:41:53.636000,25.59
2025-05-06T21:41:48.631000,36.06
2025-05-06T21:41:43.627000,33.0
2025-05-06T21:41:38.625000,37.1
2025-05-06T21:41:33.613000,27.37
2025-05-06T21:41:28.606000,22.31
2025-05-06T21:41:23.600000,33.68
2025-05-06T21:41:18.595000,32.6
2025-05-06T21:41:13.590000,21.8
2025-05-06T21:41:08.587000,29.72
2025-05-06T21:41:03.582000,29.52
2025-05-06T21:40:58.578000,33.98
2025-05-06T21:40:53.571000,34.01
2025-05-06T21:40:48.567000,30.08
2025-05-06T21:40:43.562000,36.03
2025-05-06T21:40:38.561000,36.78
2025-05-06T21:40:33.556000,27.65
2025-05-06T21:40:28.552000,36.08
2025-05-06T21:40:23.534000,33.7
2025-05-06T21:40:18.523000,24.5
2025-05-06T21:40:13.515000,31.96
2025-05-06T21:40:08.511000,21.05
2025-05-06T21:40:03.506000,33.29
2025-05-06T21:39:58.500000,33.19
2025-05-06T21:39:53.498000,31.34
2025-05-06T21:39:48.491000,35.59
2025-05-06T21:39:43.482000,24.43
2025-05-06T21:39:38.477000,35.82
2025-05-06T21:39:33.472000,35.19
2025-05-06T21:39:28.465000,34.89
2025-05-06T21:39:23.461000,26.57
2025-05-06T21:39:18.456000,30.38
2025-05-06T21:39:13.448000,25.95
2025-05-06T21:39:08.440000,38.64
2025-05-06T21:39:03.434000,22.44
2025-05-06T21:38:58.428000,29.38
2025-05-06T21:38:53.422000,30.83
2025-05-06T21:38:48.418000,39.43
2025-05-06T21:38:43.413000,32.69
2025-05-06T21:38:38.411000,27.63
2025-05-06T21:38:33.406000,38.59
2025-05-06T21:38:28.400000,26.87
2025-05-06T21:38:23.384000,31.69
2025-05-06T21:38:18.373000,20.02
2025-05-06T21:38:13.358000,27.58
2025-05-06T21:38:08.353000,26.69
2025-05-06T21:38:03.339000,28.61
2025-05-06T21:37:58.330000,38.93
2025-05-06T21:37:53.325000,33.37
2025-05-06T21:37:48.317000,22.54
2025-05-06T21:37:43.310000,24.76
2025-05-06T21:37:38.305000,38.24
2025-05-06T21:37:33.280000,20.68
2025-05-06T21:37:28.263000,28.5
2025-05-06T21:37:23.257000,26.74
2025-05-06T21:37:18.245000,25.34
2025-05-06T21:37:13.246000,25.83
2025-05-06T21:37:08.238000,28.27
2025-05-06T21:37:03.234000,23.45
2025-05-06T21:36:58.229000,38.83
2025-05-06T21:36:53.225000,27.94
2025-05-06T21:36:48.213000,36.4
2025-05-06T21:36:43.202000,20.97
2025-05-06T21:36:38.196000,21.18
2025-05-06T21:36:33.190000,20.68
2025-05-06T21:36:28.184000,24.49
2025-05-06T21:36:23.178000,28.05
2025-05-06T21:36:18.171000,20.04
2025-05-06T21:36:13.166000,22.14
2025-05-06T21:36:08.162000,36.02
2025-05-06T21:36:03.157000,20.45
2025-05-06T21:35:58.152000,31.7
2025-05-06T21:35:53.148000,27.85
2025-05-06T21:35:48.142000,24.95
2025-05-06T21:35:43.133000,33.57
2025-05-06T21:35:38.129000,38.43
2025-05-06T21:35:33.112000,31.34
2025-05-06T21:35:28.107000,23.44
2025-05-06T21:35:23.103000,38.9
2025-05-06T21:35:18.096000,39.92
2025-05-06T21:35:13.087000,26.5
2025-05-06T21:35:08.068000,33.55
2025-05-06T21:35:03.063000,21.22
2025-05-06T21:34:58.053000,37.18
2025-05-06T21:34:53.045000,29.56
2025-05-06T21:34:48.029000,32.08
2025-05-06T21:34:43.005000,22.1
2025-05-06T21:34:37.998000,39.24
2025-05-06T21:34:32.968000,39.07
2025-05-06T21:34:27.960000,37.11
2025-05-06T21:34:22.956000,39.53
2025-05-06T21:34:17.950000,29.89
2025-05-06T21:34:12.944000,36.94
2025-05-06T21:34:07.943000,33.62
2025-05-06T21:34:02.938000,24.23
2025-05-06T21:33:57.932000,21.79
2025-05-06T21:33:52.921000,39.74
2025-05-06T21:33:47.912000,20.15
2025-05-06T21:33:43.521000,34.73
